{
  "type": "FeatureCollection",
  "features": [
    {
      "type": "Feature",
      "geometry": {
        "type": "Polygon",
        "coordinates": [
          [
            [
              -122.33166667,
              47.60360643
            ],
            [
              -122.32952827,
              47.60347988
            ],
            [
              -122.32745486,
              47.60310407
            ],
            [
              -122.3255095,
              47.60249043
            ],
            [
              -122.32375129,
              47.60165762
            ],
            [
              -122.32223366,
              47.60063094
            ],
            [
              -122.32100275,
              47.59944161
            ],
            [
              -122.32009593,
              47.59812576
            ],
            [
              -122.31954073,
              47.59672339
            ],
            [
              -122.31935401,
              47.59527712
            ],
            [
              -122.3195414,
              47.59383088
            ],
            [
              -122.32009718,
              47.59242863
            ],
            [
              -122.32100444,
              47.59111296
            ],
            [
              -122.32223559,
              47.58992383
            ],
            [
              -122.32375321,
              47.58889739
            ],
            [
              -122.32551119,
              47.58806479
            ],
            [
              -122.32745612,
              47.58745132
            ],
            [
              -122.32952893,
              47.58707563
            ],
            [
              -122.33166667,
              47.58694912
            ],
            [
              -122.33380441,
              47.58707563
            ],
            [
              -122.33587722,
              47.58745132
            ],
            [
              -122.33782215,
              47.58806479
            ],
            [
              -122.33958013,
              47.58889739
            ],
            [
              -122.34109775,
              47.58992383
            ],
            [
              -122.3423289,
              47.59111296
            ],
            [
              -122.34323616,
              47.59242863
            ],
            [
              -122.34379194,
              47.59383088
            ],
            [
              -122.34397933,
              47.59527712
            ],
            [
              -122.34379261,
              47.59672339
            ],
            [
              -122.34323741,
              47.59812576
            ],
            [
              -122.34233059,
              47.59944161
            ],
            [
              -122.34109968,
              47.60063094
            ],
            [
              -122.33958205,
              47.60165762
            ],
            [
              -122.33782384,
              47.60249043
            ],
            [
              -122.33587848,
              47.60310407
            ],
            [
              -122.33380507,
              47.60347988
            ],
            [
              -122.33166667,
              47.60360643
            ]
          ]
        ]
      },
      "properties": {
        "description": "Seattle, WA, Saturday, August 1, 2026 through Saturday, August 1, 2026 Local",
        "notam": "6_0443",
        "dateIssued": "2026-07-30T13:52:16",
        "dateEffective": "2026-08-01T23:00:00",
        "dateExpire": "2026-08-02T06:59:00",
        "upperVal": 400,
        "lowerVal": 0,
        "facility": "ZSE",
        "type": "SECURITY"
      }
    },
    {
      "type": "Feature",
      "geometry": {
        "type": "Polygon",
        "coordinates": [
          [
            [
              -116.19583333,
              43.61944675
            ],
            [
              -116.1918491,
              43.61919344
            ],
            [
              -116.18798603,
              43.61844122
            ],
            [
              -116.18436158,
              43.61721296
            ],
            [
              -116.18108595,
              43.615546
            ],
            [
              -116.17825868,
              43.61349104
            ],
            [
              -116.17596569,
              43.61111054
            ],
            [
              -116.17427662,
              43.60847688
            ],
            [
              -116.17324272,
              43.60567009
            ],
            [
              -116.17289532,
              43.60277548
            ],
            [
              -116.17324489,
              43.59988101
            ],
            [
              -116.17428069,
              43.59707461
            ],
            [
              -116.17597118,
              43.59444155
            ],
            [
              -116.17826492,
              43.5920618
            ],
            [
              -116.18109218,
              43.59000763
            ],
            [
              -116.18436707,
              43.58834142
            ],
            [
              -116.1879901,
              43.58711376
            ],
            [
              -116.19185127,
              43.58636193
            ],
            [
              -116.19583333,
              43.58610876
            ],
            [
              -116.19981539,
              43.58636193
            ],
            [
              -116.20367656,
              43.58711376
            ],
            [
              -116.20729959,
              43.58834142
            ],
            [
              -116.21057448,
              43.59000763
            ],
            [
              -116.21340174,
              43.5920618
            ],
            [
              -116.21569548,
              43.59444155
            ],
            [
              -116.21738597,
              43.59707461
            ],
            [
              -116.21842177,
              43.59988101
            ],
            [
              -116.21877134,
              43.60277548
            ],
            [
              -116.21842394,
              43.60567009
            ],
            [
              -116.21739004,
              43.60847688
            ],
            [
              -116.21570097,
              43.61111054
            ],
            [
              -116.21340798,
              43.61349104
            ],
            [
              -116.21058071,
              43.615546
            ],
            [
              -116.20730508,
              43.61721296
            ],
            [
              -116.20368063,
              43.61844122
            ],
            [
              -116.19981756,
              43.61919344
            ],
            [
              -116.19583333,
              43.61944675
            ]
          ]
        ]
      },
      "properties": {
        "description": "Boise, ID, Friday, July 31, 2026 through Saturday, August 1, 2026 Local",
        "notam": "6_0433",
        "dateIssued": "2026-07-30T12:10:24",
        "dateEffective": "2026-07-31T17:00:00",
        "dateExpire": "2026-08-02T03:00:00",
        "upperVal": 400,
        "lowerVal": 0,
        "facility": "ZLC",
        "type": "SECURITY"
      }
    },
    {
      "type": "Feature",
      "geometry": {
        "type": "Polygon",
        "coordinates": [
          [
            [
              -84.51611111,
              39.10389659
            ],
            [
              -84.51425217,
              39.10376986
            ],
            [
              -84.51244972,
              39.10339351
            ],
            [
              -84.51075857,
              39.10277899
            ],
            [
              -84.50923009,
              39.10194496
            ],
            [
              -84.50791075,
              39.10091679
            ],
            [
              -84.50684063,
              39.09972571
            ],
            [
              -84.50605224,
              39.09840793
            ],
            [
              -84.50556952,
              39.09700349
            ],
            [
              -84.50540712,
              39.09555507
            ],
            [
              -84.50556995,
              39.09410668
            ],
            [
              -84.50605305,
              39.09270232
            ],
            [
              -84.50684173,
              39.09138467
            ],
            [
              -84.507912,
              39.09019375
            ],
            [
              -84.50923134,
              39.08916574
            ],
            [
              -84.51075966,
              39.08833188
            ],
            [
              -84.51245053,
              39.08771748
            ],
            [
              -84.5142526,
              39.08734122
            ],
            [
              -84.51611111,
              39.08721451
            ],
            [
              -84.51796962,
              39.08734122
            ],
            [
              -84.51977169,
              39.08771748
            ],
            [
              -84.52146256,
              39.08833188
            ],
            [
              -84.52299088,
              39.08916574
            ],
            [
              -84.52431022,
              39.09019375
            ],
            [
              -84.52538049,
              39.09138467
            ],
            [
              -84.52616917,
              39.09270232
            ],
            [
              -84.52665227,
              39.09410668
            ],
            [
              -84.5268151,
              39.09555507
            ],
            [
              -84.5266527,
              39.09700349
            ],
            [
              -84.52616998,
              39.09840793
            ],
            [
              -84.52538159,
              39.09972571
            ],
            [
              -84.52431147,
              39.10091679
            ],
            [
              -84.52299213,
              39.10194496
            ],
            [
              -84.52146365,
              39.10277899
            ],
            [
              -84.5197725,
              39.10339351
            ],
            [
              -84.51797005,
              39.10376986
            ],
            [
              -84.51611111,
              39.10389659
            ]
          ]
        ]
      },
      "properties": {
        "description": "Cincinnati, OH, Saturday, August 1, 2026 through Saturday, August 1, 2026 Local",
        "notam": "6_0428",
        "dateIssued": "2026-07-30T11:18:52",
        "dateEffective": "2026-08-01T19:30:00",
        "dateExpire": "2026-08-02T03:59:00",
        "upperVal": 400,
        "lowerVal": 0,
        "facility": "ZID",
        "type": "SECURITY"
      }
    },
    {
      "type": "Feature",
      "geometry": {
        "type": "Polygon",
        "coordinates": [
          [
            [
              -118.88333333,
              43.13336043
            ],
            [
              -118.85566634,
              43.13158427
            ],
            [
              -118.82884467,
              43.12631005
            ],
            [
              -118.80368739,
              43.11769888
            ],
            [
              -118.78096194,
              43.10601375
            ],
            [
              -118.76136042,
              43.0916113
            ],
            [
              -118.74547839,
              43.07493088
            ],
            [
              -118.73379678,
              43.05648091
            ],
            [
              -118.72666747,
              43.0368233
            ],
            [
              -118.72430297,
              43.01655618
            ],
            [
              -118.72677046,
              42.99629566
            ],
            [
              -118.73399035,
              42.97665703
            ],
            [
              -118.74573918,
              42.95823613
            ],
            [
              -118.76165697,
              42.94159137
            ],
            [
              -118.78125849,
              42.92722688
            ],
            [
              -118.80394818,
              42.91557742
            ],
            [
              -118.82903823,
              42.90699533
            ],
            [
              -118.85576933,
              42.90174009
            ],
            [
              -118.88333333,
              42.89997052
            ],
            [
              -118.91089733,
              42.90174009
            ],
            [
              -118.93762844,
              42.90699533
            ],
            [
              -118.96271849,
              42.91557742
            ],
            [
              -118.98540817,
              42.92722688
            ],
            [
              -119.00500969,
              42.94159137
            ],
            [
              -119.02092749,
              42.95823613
            ],
            [
              -119.03267632,
              42.97665703
            ],
            [
              -119.0398962,
              42.99629566
            ],
            [
              -119.0423637,
              43.01655618
            ],
            [
              -119.0399992,
              43.0368233
            ],
            [
              -119.03286988,
              43.05648091
            ],
            [
              -119.02118828,
              43.07493088
            ],
            [
              -119.00530625,
              43.0916113
            ],
            [
              -118.98570473,
              43.10601375
            ],
            [
              -118.96297928,
              43.11769888
            ],
            [
              -118.937822,
              43.12631005
            ],
            [
              -118.91100033,
              43.13158427
            ],
            [
              -118.88333333,
              43.13336043
            ]
          ]
        ]
      },
      "properties": {
        "description": "34NM S BURNS, OR, Thursday, July 30, 2026 through Wednesday, August 12, 2026 UTC",
        "notam": "6_0417",
        "dateIssued": "2026-07-30T04:35:53",
        "dateEffective": "2026-07-30T14:00:00",
        "dateExpire": "2026-08-12T05:00:00",
        "upperVal": 10000,
        "lowerVal": 0,
        "facility": "ZLC",
        "type": "HAZARDS"
      }
    },
    {
      "type": "Feature",
      "geometry": {
        "type": "Polygon",
        "coordinates": [
          [
            [
              -121.55833333,
              44.79166667
            ],
            [
              -121.18333333,
              44.79166667
            ],
            [
              -121.175,
              44.72305556
            ],
            [
              -121.21666667,
              44.575
            ],
            [
              -121.55833333,
              44.575
            ],
            [
              -121.55833333,
              44.79166667
            ]
          ]
        ]
      },
      "properties": {
        "description": "10NM W MADRAS, OR, Thursday, July 30, 2026 through Wednesday, August 12, 2026 UTC",
        "notam": "6_0415",
        "dateIssued": "2026-07-30T04:22:07",
        "dateEffective": "2026-07-30T15:00:00",
        "dateExpire": "2026-08-12T05:00:00",
        "upperVal": 9000,
        "lowerVal": 0,
        "facility": "ZSE",
        "type": "HAZARDS"
      }
    },
    {
      "type": "Feature",
      "geometry": {
        "type": "Polygon",
        "coordinates": [
          [
            [
              -116.88333333,
              45.08332389
            ],
            [
              -116.86291043,
              45.0820562
            ],
            [
              -116.8431107,
              45.0782918
            ],
            [
              -116.82453807,
              45.07214556
            ],
            [
              -116.80775858,
              45.06380493
            ],
            [
              -116.79328298,
              45.05352423
            ],
            [
              -116.78155108,
              45.04161677
            ],
            [
              -116.77291844,
              45.02844523
            ],
            [
              -116.76764563,
              45.01441055
            ],
            [
              -116.76589053,
              44.99993961
            ],
            [
              -116.76770385,
              44.98547229
            ],
            [
              -116.77302786,
              44.97144798
            ],
            [
              -116.7816985,
              44.95829235
            ],
            [
              -116.79345061,
              44.9464044
            ],
            [
              -116.80792622,
              44.93614446
            ],
            [
              -116.82468548,
              44.92782334
            ],
            [
              -116.84322011,
              44.92169299
            ],
            [
              -116.86296864,
              44.91793898
            ],
            [
              -116.88333333,
              44.91667489
            ],
            [
              -116.90369802,
              44.91793898
            ],
            [
              -116.92344655,
              44.92169299
            ],
            [
              -116.94198118,
              44.92782334
            ],
            [
              -116.95874045,
              44.93614446
            ],
            [
              -116.97321605,
              44.9464044
            ],
            [
              -116.98496817,
              44.95829235
            ],
            [
              -116.99363881,
              44.97144798
            ],
            [
              -116.99896282,
              44.98547229
            ],
            [
              -117.00077614,
              44.99993961
            ],
            [
              -116.99902104,
              45.01441055
            ],
            [
              -116.99374822,
              45.02844523
            ],
            [
              -116.98511558,
              45.04161677
            ],
            [
              -116.97338369,
              45.05352423
            ],
            [
              -116.95890809,
              45.06380493
            ],
            [
              -116.9421286,
              45.07214556
            ],
            [
              -116.92355597,
              45.0782918
            ],
            [
              -116.90375624,
              45.0820562
            ],
            [
              -116.88333333,
              45.08332389
            ]
          ]
        ]
      },
      "properties": {
        "description": "43NM NE BAKER CITY, OR, Thursday, July 30, 2026 through Wednesday, August 12, 2026 UTC",
        "notam": "6_0410",
        "dateIssued": "2026-07-30T04:21:35",
        "dateEffective": "2026-07-30T14:00:00",
        "dateExpire": "2026-08-12T05:00:00",
        "upperVal": 8500,
        "lowerVal": 0,
        "facility": "ZLC",
        "type": "HAZARDS"
      }
    },
    {
      "type": "Feature",
      "geometry": {
        "type": "Polygon",
        "coordinates": [
          [
            [
              -114.86666667,
              48.60824834
            ],
            [
              -114.83614084,
              48.60647318
            ],
            [
              -114.80654877,
              48.601202
            ],
            [
              -114.77879509,
              48.59259601
            ],
            [
              -114.75372714,
              48.58091829
            ],
            [
              -114.73210873,
              48.56652563
            ],
            [
              -114.71459672,
              48.54985744
            ],
            [
              -114.70172098,
              48.5314221
            ],
            [
              -114.69386864,
              48.51178137
            ],
            [
              -114.69127282,
              48.49153304
            ],
            [
              -114.69400616,
              48.4712927
            ],
            [
              -114.70197942,
              48.45167496
            ],
            [
              -114.71494492,
              48.43327486
            ],
            [
              -114.7325047,
              48.41664989
            ],
            [
              -114.7541231,
              48.40230323
            ],
            [
              -114.7791433,
              48.39066873
            ],
            [
              -114.80680722,
              48.38209797
            ],
            [
              -114.83627836,
              48.37684979
            ],
            [
              -114.86666667,
              48.37508262
            ],
            [
              -114.89705498,
              48.37684979
            ],
            [
              -114.92652611,
              48.38209797
            ],
            [
              -114.95419004,
              48.39066873
            ],
            [
              -114.97921023,
              48.40230323
            ],
            [
              -115.00082863,
              48.41664989
            ],
            [
              -115.01838841,
              48.43327486
            ],
            [
              -115.03135391,
              48.45167496
            ],
            [
              -115.03932717,
              48.4712927
            ],
            [
              -115.04206052,
              48.49153304
            ],
            [
              -115.03946469,
              48.51178137
            ],
            [
              -115.03161236,
              48.5314221
            ],
            [
              -115.01873662,
              48.54985744
            ],
            [
              -115.0012246,
              48.56652563
            ],
            [
              -114.9796062,
              48.58091829
            ],
            [
              -114.95453825,
              48.59259601
            ],
            [
              -114.92678457,
              48.601202
            ],
            [
              -114.8971925,
              48.60647318
            ],
            [
              -114.86666667,
              48.60824834
            ]
          ]
        ]
      },
      "properties": {
        "description": "29NM NW KALISPELL, MT, Thursday, July 30, 2026 through Thursday, August 13, 2026 UTC",
        "notam": "6_0413",
        "dateIssued": "2026-07-30T04:21:42",
        "dateEffective": "2026-07-30T14:00:00",
        "dateExpire": "2026-08-13T04:00:00",
        "upperVal": 12000,
        "lowerVal": 0,
        "facility": "ZLC",
        "type": "HAZARDS"
      }
    },
    {
      "type": "Feature",
      "geometry": {
        "type": "Polygon",
        "coordinates": [
          [
            [
              -114.86666667,
              48.60824834
            ],
            [
              -114.83614084,
              48.60647318
            ],
            [
              -114.80654877,
              48.601202
            ],
            [
              -114.77879509,
              48.59259601
            ],
            [
              -114.75372714,
              48.58091829
            ],
            [
              -114.73210873,
              48.56652563
            ],
            [
              -114.71459672,
              48.54985744
            ],
            [
              -114.70172098,
              48.5314221
            ],
            [
              -114.69386864,
              48.51178137
            ],
            [
              -114.69127282,
              48.49153304
            ],
            [
              -114.69400616,
              48.4712927
            ],
            [
              -114.70197942,
              48.45167496
            ],
            [
              -114.71494492,
              48.43327486
            ],
            [
              -114.7325047,
              48.41664989
            ],
            [
              -114.7541231,
              48.40230323
            ],
            [
              -114.7791433,
              48.39066873
            ],
            [
              -114.80680722,
              48.38209797
            ],
            [
              -114.83627836,
              48.37684979
            ],
            [
              -114.86666667,
              48.37508262
            ],
            [
              -114.89705498,
              48.37684979
            ],
            [
              -114.92652611,
              48.38209797
            ],
            [
              -114.95419004,
              48.39066873
            ],
            [
              -114.97921023,
              48.40230323
            ],
            [
              -115.00082863,
              48.41664989
            ],
            [
              -115.01838841,
              48.43327486
            ],
            [
              -115.03135391,
              48.45167496
            ],
            [
              -115.03932717,
              48.4712927
            ],
            [
              -115.04206052,
              48.49153304
            ],
            [
              -115.03946469,
              48.51178137
            ],
            [
              -115.03161236,
              48.5314221
            ],
            [
              -115.01873662,
              48.54985744
            ],
            [
              -115.0012246,
              48.56652563
            ],
            [
              -114.9796062,
              48.58091829
            ],
            [
              -114.95453825,
              48.59259601
            ],
            [
              -114.92678457,
              48.601202
            ],
            [
              -114.8971925,
              48.60647318
            ],
            [
              -114.86666667,
              48.60824834
            ]
          ]
        ]
      },
      "properties": {
        "description": "29NM NW KALISPELL, MT, Thursday, July 30, 2026 through Thursday, August 13, 2026 UTC",
        "notam": "6_0411",
        "dateIssued": "2026-07-30T04:21:44",
        "dateEffective": "2026-07-30T14:00:00",
        "dateExpire": "2026-08-13T04:00:00",
        "upperVal": 12000,
        "lowerVal": 0,
        "facility": "ZSE",
        "type": "HAZARDS"
      }
    },
    {
      "type": "Feature",
      "geometry": {
        "type": "Polygon",
        "coordinates": [
          [
            [
              -105.23333333,
              38.25833333
            ],
            [
              -104.89166667,
              38.25833333
            ],
            [
              -104.89166667,
              37.86666667
            ],
            [
              -105.15,
              37.86666667
            ],
            [
              -105.23333333,
              38.04166667
            ],
            [
              -105.23333333,
              38.25833333
            ]
          ]
        ]
      },
      "properties": {
        "description": "9NM SW PUEBLO, CO, Thursday, July 30, 2026 through Wednesday, August 12, 2026 UTC",
        "notam": "6_0409",
        "dateIssued": "2026-07-30T04:06:31",
        "dateEffective": "2026-07-30T04:00:00",
        "dateExpire": "2026-08-12T04:00:00",
        "upperVal": 15000,
        "lowerVal": 0,
        "facility": "ZDV",
        "type": "HAZARDS"
      }
    },
    {
      "type": "Feature",
      "geometry": {
        "type": "Polygon",
        "coordinates": [
          [
            [
              -117.53333333,
              39.76666667
            ],
            [
              -117.26666667,
              39.75
            ],
            [
              -117.3,
              39.45
            ],
            [
              -117.65833333,
              39.525
            ],
            [
              -117.53333333,
              39.76666667
            ]
          ]
        ]
      },
      "properties": {
        "description": "60NM NE FALLON, NV, Thursday, July 30, 2026 through Wednesday, August 12, 2026 UTC",
        "notam": "6_0407",
        "dateIssued": "2026-07-30T03:35:53",
        "dateEffective": "2026-07-30T14:00:00",
        "dateExpire": "2026-08-12T05:00:00",
        "upperVal": 13000,
        "lowerVal": 0,
        "facility": "ZLC",
        "type": "HAZARDS"
      }
    },
    {
      "type": "Feature",
      "geometry": {
        "type": "Polygon",
        "coordinates": [
          [
            [
              -117.53333333,
              39.76666667
            ],
            [
              -117.26666667,
              39.75
            ],
            [
              -117.3,
              39.45
            ],
            [
              -117.65833333,
              39.525
            ],
            [
              -117.53333333,
              39.76666667
            ]
          ]
        ]
      },
      "properties": {
        "description": "60NM NE FALLON, NV, Thursday, July 30, 2026 through Wednesday, August 12, 2026 UTC",
        "notam": "6_0406",
        "dateIssued": "2026-07-30T03:18:59",
        "dateEffective": "2026-07-30T14:00:00",
        "dateExpire": "2026-08-12T05:00:00",
        "upperVal": 13000,
        "lowerVal": 0,
        "facility": "ZOA",
        "type": "HAZARDS"
      }
    },
    {
      "type": "Feature",
      "geometry": {
        "type": "Polygon",
        "coordinates": [
          [
            [
              -116.09166667,
              43.70000418
            ],
            [
              -116.08368759,
              43.69949743
            ],
            [
              -116.07595134,
              43.69799261
            ],
            [
              -116.06869333,
              43.6955355
            ],
            [
              -116.06213436,
              43.69220089
            ],
            [
              -116.05647383,
              43.68809021
            ],
            [
              -116.05188375,
              43.68332853
            ],
            [
              -116.04850345,
              43.67806064
            ],
            [
              -116.04643538,
              43.67244673
            ],
            [
              -116.04574203,
              43.66665744
            ],
            [
              -116.04644407,
              43.6608687
            ],
            [
              -116.04851979,
              43.65525638
            ],
            [
              -116.05190577,
              43.64999092
            ],
            [
              -116.05649886,
              43.64523221
            ],
            [
              -116.06215939,
              43.64112471
            ],
            [
              -116.06871535,
              43.63779307
            ],
            [
              -116.07596768,
              43.63533839
            ],
            [
              -116.08369628,
              43.63383515
            ],
            [
              -116.09166667,
              43.63332896
            ],
            [
              -116.09963705,
              43.63383515
            ],
            [
              -116.10736566,
              43.63533839
            ],
            [
              -116.11461799,
              43.63779307
            ],
            [
              -116.12117395,
              43.64112471
            ],
            [
              -116.12683447,
              43.64523221
            ],
            [
              -116.13142757,
              43.64999092
            ],
            [
              -116.13481354,
              43.65525638
            ],
            [
              -116.13688926,
              43.6608687
            ],
            [
              -116.1375913,
              43.66665744
            ],
            [
              -116.13689795,
              43.67244673
            ],
            [
              -116.13482988,
              43.67806064
            ],
            [
              -116.13144958,
              43.68332853
            ],
            [
              -116.1268595,
              43.68809021
            ],
            [
              -116.12119898,
              43.69220089
            ],
            [
              -116.11464,
              43.6955355
            ],
            [
              -116.10738199,
              43.69799261
            ],
            [
              -116.09964575,
              43.69949743
            ],
            [
              -116.09166667,
              43.70000418
            ]
          ]
        ]
      },
      "properties": {
        "description": "8NM NE BOISE, ID, Thursday, July 30, 2026 through Thursday, August 13, 2026 UTC",
        "notam": "6_0323",
        "dateIssued": "2026-07-30T02:08:10",
        "dateEffective": "2026-07-30T12:00:00",
        "dateExpire": "2026-08-13T02:00:00",
        "upperVal": 10500,
        "lowerVal": 0,
        "facility": "ZLC",
        "type": "HAZARDS"
      }
    },
    {
      "type": "Feature",
      "geometry": {
        "type": "Polygon",
        "coordinates": [
          [
            [
              -111.86666667,
              46.36663843
            ],
            [
              -111.84577072,
              46.36537094
            ],
            [
              -111.82551251,
              46.36160715
            ],
            [
              -111.80651005,
              46.35546192
            ],
            [
              -111.78934257,
              46.34712272
            ],
            [
              -111.77453265,
              46.33684386
            ],
            [
              -111.76253029,
              46.32493864
            ],
            [
              -111.75369917,
              46.31176971
            ],
            [
              -111.74830577,
              46.29773795
            ],
            [
              -111.7465115,
              46.2832702
            ],
            [
              -111.74836806,
              46.26880622
            ],
            [
              -111.75381623,
              46.25478532
            ],
            [
              -111.76268801,
              46.24163302
            ],
            [
              -111.77471201,
              46.2297482
            ],
            [
              -111.78952192,
              46.21949106
            ],
            [
              -111.80666778,
              46.21117226
            ],
            [
              -111.82562958,
              46.20504367
            ],
            [
              -111.84583301,
              46.20129074
            ],
            [
              -111.86666667,
              46.20002702
            ],
            [
              -111.88750032,
              46.20129074
            ],
            [
              -111.90770376,
              46.20504367
            ],
            [
              -111.92666556,
              46.21117226
            ],
            [
              -111.94381141,
              46.21949106
            ],
            [
              -111.95862133,
              46.2297482
            ],
            [
              -111.97064533,
              46.24163302
            ],
            [
              -111.9795171,
              46.25478532
            ],
            [
              -111.98496527,
              46.26880622
            ],
            [
              -111.98682183,
              46.2832702
            ],
            [
              -111.98502756,
              46.29773795
            ],
            [
              -111.97963417,
              46.31176971
            ],
            [
              -111.97080305,
              46.32493864
            ],
            [
              -111.95880068,
              46.33684386
            ],
            [
              -111.94399076,
              46.34712272
            ],
            [
              -111.92682328,
              46.35546192
            ],
            [
              -111.90782082,
              46.36160715
            ],
            [
              -111.88756261,
              46.36537094
            ],
            [
              -111.86666667,
              46.36663843
            ]
          ]
        ]
      },
      "properties": {
        "description": "20NM SE HELENA, MT, Thursday, July 30, 2026 through Thursday, August 13, 2026 UTC",
        "notam": "6_0307",
        "dateIssued": "2026-07-30T01:03:27",
        "dateEffective": "2026-07-30T14:00:00",
        "dateExpire": "2026-08-13T04:00:00",
        "upperVal": 12000,
        "lowerVal": 0,
        "facility": "ZLC",
        "type": "HAZARDS"
      }
    },
    {
      "type": "Feature",
      "geometry": {
        "type": "Polygon",
        "coordinates": [
          [
            [
              -117.73333333,
              43.975
            ],
            [
              -117.50833333,
              43.75833333
            ],
            [
              -118.35,
              43.33333333
            ],
            [
              -118.625,
              43.64166667
            ],
            [
              -118.2875,
              43.85416667
            ],
            [
              -117.73333333,
              43.975
            ]
          ]
        ]
      },
      "properties": {
        "description": "36NM E BURNS, OR, Thursday, July 30, 2026 through Wednesday, August 12, 2026 UTC",
        "notam": "6_0304",
        "dateIssued": "2026-07-30T00:02:06",
        "dateEffective": "2026-07-30T00:15:00",
        "dateExpire": "2026-08-12T05:00:00",
        "upperVal": 11500,
        "lowerVal": 0,
        "facility": "ZLC",
        "type": "HAZARDS"
      }
    },
    {
      "type": "Feature",
      "geometry": {
        "type": "Polygon",
        "coordinates": [
          [
            [
              -92.19166667,
              48.16666667
            ],
            [
              -92.15833333,
              48.16666667
            ],
            [
              -92.15833333,
              48.15
            ],
            [
              -92.19166667,
              48.15
            ],
            [
              -92.19166667,
              48.16666667
            ]
          ]
        ]
      },
      "properties": {
        "description": "21NM NW ELY, MN, Thursday, July 30, 2026 through Saturday, August 1, 2026 UTC",
        "notam": "6_0287",
        "dateIssued": "2026-07-29T22:51:14",
        "dateEffective": "2026-07-30T13:00:00",
        "dateExpire": "2026-08-01T05:00:00",
        "upperVal": 2500,
        "lowerVal": 0,
        "facility": "ZMP",
        "type": "HAZARDS"
      }
    },
    {
      "type": "Feature",
      "geometry": {
        "type": "Polygon",
        "coordinates": [
          [
            [
              -77.46666667,
              39.73145744
            ],
            [
              -77.4479101,
              39.73018887
            ],
            [
              -77.42972546,
              39.72642185
            ],
            [
              -77.41266702,
              39.72027123
            ],
            [
              -77.39725442,
              39.71192448
            ],
            [
              -77.38395665,
              39.70163596
            ],
            [
              -77.37317775,
              39.68971904
            ],
            [
              -77.36524453,
              39.67653655
            ],
            [
              -77.36039671,
              39.66248962
            ],
            [
              -77.35877985,
              39.64800546
            ],
            [
              -77.36044105,
              39.63352428
            ],
            [
              -77.36532785,
              39.61948595
            ],
            [
              -77.37329001,
              39.60631663
            ],
            [
              -77.3840843,
              39.59441586
            ],
            [
              -77.39738208,
              39.58414453
            ],
            [
              -77.41277928,
              39.57581394
            ],
            [
              -77.42980878,
              39.56967649
            ],
            [
              -77.44795444,
              39.56591806
            ],
            [
              -77.46666667,
              39.56465248
            ],
            [
              -77.4853789,
              39.56591806
            ],
            [
              -77.50352456,
              39.56967649
            ],
            [
              -77.52055406,
              39.57581394
            ],
            [
              -77.53595126,
              39.58414453
            ],
            [
              -77.54924904,
              39.59441586
            ],
            [
              -77.56004333,
              39.60631663
            ],
            [
              -77.56800549,
              39.61948595
            ],
            [
              -77.57289229,
              39.63352428
            ],
            [
              -77.57455349,
              39.64800546
            ],
            [
              -77.57293663,
              39.66248962
            ],
            [
              -77.56808881,
              39.67653655
            ],
            [
              -77.56015559,
              39.68971904
            ],
            [
              -77.54937669,
              39.70163596
            ],
            [
              -77.53607892,
              39.71192448
            ],
            [
              -77.52066632,
              39.72027123
            ],
            [
              -77.50360788,
              39.72642185
            ],
            [
              -77.48542324,
              39.73018887
            ],
            [
              -77.46666667,
              39.73145744
            ]
          ]
        ]
      },
      "properties": {
        "description": "THURMONT, MD, Friday, July 31, 2026 Local",
        "notam": "6_0143",
        "dateIssued": "2026-07-29T19:09:42",
        "dateEffective": "2026-07-31T13:30:00",
        "dateExpire": "2026-07-31T19:45:00",
        "upperVal": 4999,
        "lowerVal": 0,
        "facility": "ZDC",
        "type": "VIP"
      }
    },
    {
      "type": "Feature",
      "geometry": {
        "type": "Polygon",
        "coordinates": [
          [
            [
              -118.19583333,
              48.43333333
            ],
            [
              -117.98333333,
              48.43333333
            ],
            [
              -117.98333333,
              48.275
            ],
            [
              -118.14166667,
              48.275
            ],
            [
              -118.19583333,
              48.43333333
            ]
          ]
        ]
      },
      "properties": {
        "description": "15NM SW COLVILLE, WA, Wednesday, July 29, 2026 through Wednesday, August 12, 2026 UTC",
        "notam": "6_0126",
        "dateIssued": "2026-07-29T17:24:15",
        "dateEffective": "2026-07-29T17:30:00",
        "dateExpire": "2026-08-12T05:00:00",
        "upperVal": 9000,
        "lowerVal": 0,
        "facility": "ZSE",
        "type": "HAZARDS"
      }
    },
    {
      "type": "Feature",
      "geometry": {
        "type": "Polygon",
        "coordinates": [
          [
            [
              -118.40833333,
              48.23333333
            ],
            [
              -118.19583333,
              48.23333333
            ],
            [
              -118.19583333,
              48.15
            ],
            [
              -118.24166667,
              48.12916667
            ],
            [
              -118.24166667,
              48.06666667
            ],
            [
              -118.275,
              48.04583333
            ],
            [
              -118.39166667,
              48.04583333
            ],
            [
              -118.40833333,
              48.08333333
            ],
            [
              -118.40833333,
              48.23333333
            ]
          ]
        ]
      },
      "properties": {
        "description": "42NM NW SPOKANE, WA, Wednesday, July 29, 2026 through Wednesday, August 12, 2026 UTC",
        "notam": "6_0115",
        "dateIssued": "2026-07-29T17:20:38",
        "dateEffective": "2026-07-29T17:30:00",
        "dateExpire": "2026-08-12T05:00:00",
        "upperVal": 7000,
        "lowerVal": 0,
        "facility": "ZSE",
        "type": "HAZARDS"
      }
    },
    {
      "type": "Feature",
      "geometry": {
        "type": "Polygon",
        "coordinates": [
          [
            [
              -74.07444444,
              40.83028821
            ],
            [
              -74.07063184,
              40.83003479
            ],
            [
              -74.06693517,
              40.82928222
            ],
            [
              -74.06346682,
              40.82805338
            ],
            [
              -74.06033224,
              40.82638565
            ],
            [
              -74.0576267,
              40.82432972
            ],
            [
              -74.05543239,
              40.8219481
            ],
            [
              -74.05381597,
              40.81931318
            ],
            [
              -74.0528265,
              40.81650504
            ],
            [
              -74.05249397,
              40.81360902
            ],
            [
              -74.05282838,
              40.81071313
            ],
            [
              -74.05381951,
              40.80790535
            ],
            [
              -74.05543715,
              40.80527098
            ],
            [
              -74.05763211,
              40.80289003
            ],
            [
              -74.06033765,
              40.80083481
            ],
            [
              -74.06347158,
              40.79916775
            ],
            [
              -74.0669387,
              40.79793947
            ],
            [
              -74.07063372,
              40.79718726
            ],
            [
              -74.07444444,
              40.79693396
            ],
            [
              -74.07825516,
              40.79718726
            ],
            [
              -74.08195018,
              40.79793947
            ],
            [
              -74.0854173,
              40.79916775
            ],
            [
              -74.08855123,
              40.80083481
            ],
            [
              -74.09125677,
              40.80289003
            ],
            [
              -74.09345173,
              40.80527098
            ],
            [
              -74.09506937,
              40.80790535
            ],
            [
              -74.0960605,
              40.81071313
            ],
            [
              -74.09639491,
              40.81360902
            ],
            [
              -74.09606238,
              40.81650504
            ],
            [
              -74.09507291,
              40.81931318
            ],
            [
              -74.09345649,
              40.8219481
            ],
            [
              -74.09126218,
              40.82432972
            ],
            [
              -74.08855664,
              40.82638565
            ],
            [
              -74.08542206,
              40.82805338
            ],
            [
              -74.08195371,
              40.82928222
            ],
            [
              -74.07825704,
              40.83003479
            ],
            [
              -74.07444444,
              40.83028821
            ]
          ]
        ]
      },
      "properties": {
        "description": "East Rutherford, NJ, Saturday, August 1, 2026 through Sunday, August 2, 2026 Local",
        "notam": "6_0028",
        "dateIssued": "2026-07-29T15:45:52",
        "dateEffective": "2026-08-01T19:00:00",
        "dateExpire": "2026-08-03T03:59:00",
        "upperVal": 400,
        "lowerVal": 0,
        "facility": "ZNY",
        "type": "SECURITY"
      }
    },
    {
      "type": "Feature",
      "geometry": {
        "type": "Polygon",
        "coordinates": [
          [
            [
              -93.04861111,
              47.45442664
            ],
            [
              -93.04008177,
              47.45392019
            ],
            [
              -93.03181207,
              47.45241624
            ],
            [
              -93.0240537,
              47.44996059
            ],
            [
              -93.01704271,
              47.44662796
            ],
            [
              -93.01099229,
              47.44251977
            ],
            [
              -93.00608627,
              47.43776102
            ],
            [
              -93.00247355,
              47.43249643
            ],
            [
              -93.0002636,
              47.42688611
            ],
            [
              -92.99952314,
              47.4211006
            ],
            [
              -93.00027419,
              47.41531572
            ],
            [
              -93.00249346,
              47.40970721
            ],
            [
              -93.00611308,
              47.40444539
            ],
            [
              -93.01102278,
              47.39969003
            ],
            [
              -93.01707321,
              47.39558546
            ],
            [
              -93.02408052,
              47.39225623
            ],
            [
              -93.03183198,
              47.38980335
            ],
            [
              -93.04009237,
              47.38830121
            ],
            [
              -93.04861111,
              47.38779539
            ],
            [
              -93.05712986,
              47.38830121
            ],
            [
              -93.06539024,
              47.38980335
            ],
            [
              -93.0731417,
              47.39225623
            ],
            [
              -93.08014901,
              47.39558546
            ],
            [
              -93.08619944,
              47.39969003
            ],
            [
              -93.09110914,
              47.40444539
            ],
            [
              -93.09472877,
              47.40970721
            ],
            [
              -93.09694803,
              47.41531572
            ],
            [
              -93.09769908,
              47.4211006
            ],
            [
              -93.09695862,
              47.42688611
            ],
            [
              -93.09474867,
              47.43249643
            ],
            [
              -93.09113596,
              47.43776102
            ],
            [
              -93.08622994,
              47.44251977
            ],
            [
              -93.08017951,
              47.44662796
            ],
            [
              -93.07316852,
              47.44996059
            ],
            [
              -93.06541015,
              47.45241624
            ],
            [
              -93.05714045,
              47.45392019
            ],
            [
              -93.04861111,
              47.45442664
            ]
          ]
        ]
      },
      "properties": {
        "description": "KEEWATIN, MN, Thursday, July 30, 2026 UTC",
        "notam": "6_9963",
        "dateIssued": "2026-07-29T14:26:25",
        "dateEffective": "2026-07-30T16:30:00",
        "dateExpire": "2026-07-30T18:30:00",
        "upperVal": 4500,
        "lowerVal": 0,
        "facility": "ZMP",
        "type": "HAZARDS"
      }
    },
    {
      "type": "Feature",
      "geometry": {
        "type": "Polygon",
        "coordinates": [
          [
            [
              -74.415,
              41.29973768
            ],
            [
              -74.35718502,
              41.29781958
            ],
            [
              -74.29982009,
              41.29208019
            ],
            [
              -74.24335151,
              41.28256418
            ],
            [
              -74.18821815,
              41.26934558
            ],
            [
              -74.13484779,
              41.25252718
            ],
            [
              -74.08365366,
              41.23223964
            ],
            [
              -74.03503103,
              41.20864048
            ],
            [
              -73.98935407,
              41.1819127
            ],
            [
              -73.94697283,
              41.15226337
            ],
            [
              -73.90821057,
              41.11992186
            ],
            [
              -73.8733612,
              41.08513804
            ],
            [
              -73.84268718,
              41.04818021
            ],
            [
              -73.81641754,
              41.009333
            ],
            [
              -73.79474633,
              40.96889507
            ],
            [
              -73.77783128,
              40.92717674
            ],
            [
              -73.7657929,
              40.88449759
            ],
            [
              -73.75871376,
              40.84118391
            ],
            [
              -73.75663815,
              40.79756624
            ],
            [
              -73.75957207,
              40.75397676
            ],
            [
              -73.76748346,
              40.71074683
            ],
            [
              -73.78030273,
              40.66820442
            ],
            [
              -73.79792358,
              40.62667168
            ],
            [
              -73.8202041,
              40.58646255
            ],
            [
              -73.846968,
              40.54788039
            ],
            [
              -73.87800623,
              40.51121583
            ],
            [
              -73.91307868,
              40.47674457
            ],
            [
              -73.95191613,
              40.44472543
            ],
            [
              -73.99422234,
              40.41539846
            ],
            [
              -74.03967636,
              40.38898328
            ],
            [
              -74.08793488,
              40.3656774
            ],
            [
              -74.1386348,
              40.34565497
            ],
            [
              -74.19139586,
              40.3290654
            ],
            [
              -74.24582336,
              40.31603243
            ],
            [
              -74.30151095,
              40.3066532
            ],
            [
              -74.3580435,
              40.30099757
            ],
            [
              -74.415,
              40.29910767
            ],
            [
              -74.4719565,
              40.30099757
            ],
            [
              -74.52848905,
              40.3066532
            ],
            [
              -74.58417664,
              40.31603243
            ],
            [
              -74.63860414,
              40.3290654
            ],
            [
              -74.6913652,
              40.34565497
            ],
            [
              -74.74206512,
              40.3656774
            ],
            [
              -74.79032364,
              40.38898328
            ],
            [
              -74.83577766,
              40.41539846
            ],
            [
              -74.87808387,
              40.44472543
            ],
            [
              -74.91692132,
              40.47674457
            ],
            [
              -74.95199377,
              40.51121583
            ],
            [
              -74.983032,
              40.54788039
            ],
            [
              -75.0097959,
              40.58646255
            ],
            [
              -75.03207642,
              40.62667168
            ],
            [
              -75.04969727,
              40.66820442
            ],
            [
              -75.06251654,
              40.71074683
            ],
            [
              -75.07042793,
              40.75397676
            ],
            [
              -75.07336185,
              40.79756624
            ],
            [
              -75.07128624,
              40.84118391
            ],
            [
              -75.0642071,
              40.88449759
            ],
            [
              -75.05216872,
              40.92717674
            ],
            [
              -75.03525367,
              40.96889507
            ],
            [
              -75.01358246,
              41.009333
            ],
            [
              -74.98731282,
              41.04818021
            ],
            [
              -74.9566388,
              41.08513804
            ],
            [
              -74.92178943,
              41.11992186
            ],
            [
              -74.88302717,
              41.15226337
            ],
            [
              -74.84064593,
              41.1819127
            ],
            [
              -74.79496897,
              41.20864048
            ],
            [
              -74.74634634,
              41.23223964
            ],
            [
              -74.69515221,
              41.25252718
            ],
            [
              -74.64178185,
              41.26934558
            ],
            [
              -74.58664849,
              41.28256418
            ],
            [
              -74.53017991,
              41.29208019
            ],
            [
              -74.47281498,
              41.29781958
            ],
            [
              -74.415,
              41.29973768
            ]
          ]
        ]
      },
      "properties": {
        "description": "Morristown, NJ, Friday, July 31, 2026 Local",
        "notam": "6_9956",
        "dateIssued": "2026-07-29T13:44:05",
        "dateEffective": "2026-07-31T18:45:00",
        "dateExpire": "2026-07-31T20:00:00",
        "upperVal": 17999,
        "lowerVal": 0,
        "facility": "ZBW",
        "type": "VIP"
      }
    },
    {
      "type": "Feature",
      "geometry": {
        "type": "Polygon",
        "coordinates": [
          [
            [
              -74.415,
              40.9662137
            ],
            [
              -74.37679724,
              40.96367382
            ],
            [
              -74.33976381,
              40.95613192
            ],
            [
              -74.30503244,
              40.9438188
            ],
            [
              -74.27366399,
              40.92711107
            ],
            [
              -74.24661449,
              40.90651946
            ],
            [
              -74.22470577,
              40.88267287
            ],
            [
              -74.2086005,
              40.85629892
            ],
            [
              -74.19878244,
              40.82820144
            ],
            [
              -74.19554238,
              40.79923575
            ],
            [
              -74.19897029,
              40.7702825
            ],
            [
              -74.20895355,
              40.74222083
            ],
            [
              -74.22518143,
              40.71590176
            ],
            [
              -74.24715539,
              40.69212249
            ],
            [
              -74.27420489,
              40.67160252
            ],
            [
              -74.30550811,
              40.65496211
            ],
            [
              -74.34011686,
              40.64270386
            ],
            [
              -74.3769851,
              40.63519779
            ],
            [
              -74.415,
              40.63267035
            ],
            [
              -74.4530149,
              40.63519779
            ],
            [
              -74.48988314,
              40.64270386
            ],
            [
              -74.52449189,
              40.65496211
            ],
            [
              -74.55579511,
              40.67160252
            ],
            [
              -74.58284461,
              40.69212249
            ],
            [
              -74.60481857,
              40.71590176
            ],
            [
              -74.62104645,
              40.74222083
            ],
            [
              -74.63102971,
              40.7702825
            ],
            [
              -74.63445762,
              40.79923575
            ],
            [
              -74.63121756,
              40.82820144
            ],
            [
              -74.6213995,
              40.85629892
            ],
            [
              -74.60529423,
              40.88267287
            ],
            [
              -74.58338551,
              40.90651946
            ],
            [
              -74.55633601,
              40.92711107
            ],
            [
              -74.52496756,
              40.9438188
            ],
            [
              -74.49023619,
              40.95613192
            ],
            [
              -74.45320276,
              40.96367382
            ],
            [
              -74.415,
              40.9662137
            ]
          ]
        ]
      },
      "properties": {
        "description": "Morristown, NJ, Friday, July 31, 2026 Local",
        "notam": "6_9956",
        "dateIssued": "2026-07-29T13:44:05",
        "dateEffective": "2026-07-31T18:45:00",
        "dateExpire": "2026-07-31T20:00:00",
        "upperVal": 17999,
        "lowerVal": 0,
        "facility": "ZBW",
        "type": "VIP"
      }
    },
    {
      "type": "Feature",
      "geometry": {
        "type": "Polygon",
        "coordinates": [
          [
            [
              -74.415,
              41.29973768
            ],
            [
              -74.35718502,
              41.29781958
            ],
            [
              -74.29982009,
              41.29208019
            ],
            [
              -74.24335151,
              41.28256418
            ],
            [
              -74.18821815,
              41.26934558
            ],
            [
              -74.13484779,
              41.25252718
            ],
            [
              -74.08365366,
              41.23223964
            ],
            [
              -74.03503103,
              41.20864048
            ],
            [
              -73.98935407,
              41.1819127
            ],
            [
              -73.94697283,
              41.15226337
            ],
            [
              -73.90821057,
              41.11992186
            ],
            [
              -73.8733612,
              41.08513804
            ],
            [
              -73.84268718,
              41.04818021
            ],
            [
              -73.81641754,
              41.009333
            ],
            [
              -73.79474633,
              40.96889507
            ],
            [
              -73.77783128,
              40.92717674
            ],
            [
              -73.7657929,
              40.88449759
            ],
            [
              -73.75871376,
              40.84118391
            ],
            [
              -73.75663815,
              40.79756624
            ],
            [
              -73.75957207,
              40.75397676
            ],
            [
              -73.76748346,
              40.71074683
            ],
            [
              -73.78030273,
              40.66820442
            ],
            [
              -73.79792358,
              40.62667168
            ],
            [
              -73.8202041,
              40.58646255
            ],
            [
              -73.846968,
              40.54788039
            ],
            [
              -73.87800623,
              40.51121583
            ],
            [
              -73.91307868,
              40.47674457
            ],
            [
              -73.95191613,
              40.44472543
            ],
            [
              -73.99422234,
              40.41539846
            ],
            [
              -74.03967636,
              40.38898328
            ],
            [
              -74.08793488,
              40.3656774
            ],
            [
              -74.1386348,
              40.34565497
            ],
            [
              -74.19139586,
              40.3290654
            ],
            [
              -74.24582336,
              40.31603243
            ],
            [
              -74.30151095,
              40.3066532
            ],
            [
              -74.3580435,
              40.30099757
            ],
            [
              -74.415,
              40.29910767
            ],
            [
              -74.4719565,
              40.30099757
            ],
            [
              -74.52848905,
              40.3066532
            ],
            [
              -74.58417664,
              40.31603243
            ],
            [
              -74.63860414,
              40.3290654
            ],
            [
              -74.6913652,
              40.34565497
            ],
            [
              -74.74206512,
              40.3656774
            ],
            [
              -74.79032364,
              40.38898328
            ],
            [
              -74.83577766,
              40.41539846
            ],
            [
              -74.87808387,
              40.44472543
            ],
            [
              -74.91692132,
              40.47674457
            ],
            [
              -74.95199377,
              40.51121583
            ],
            [
              -74.983032,
              40.54788039
            ],
            [
              -75.0097959,
              40.58646255
            ],
            [
              -75.03207642,
              40.62667168
            ],
            [
              -75.04969727,
              40.66820442
            ],
            [
              -75.06251654,
              40.71074683
            ],
            [
              -75.07042793,
              40.75397676
            ],
            [
              -75.07336185,
              40.79756624
            ],
            [
              -75.07128624,
              40.84118391
            ],
            [
              -75.0642071,
              40.88449759
            ],
            [
              -75.05216872,
              40.92717674
            ],
            [
              -75.03525367,
              40.96889507
            ],
            [
              -75.01358246,
              41.009333
            ],
            [
              -74.98731282,
              41.04818021
            ],
            [
              -74.9566388,
              41.08513804
            ],
            [
              -74.92178943,
              41.11992186
            ],
            [
              -74.88302717,
              41.15226337
            ],
            [
              -74.84064593,
              41.1819127
            ],
            [
              -74.79496897,
              41.20864048
            ],
            [
              -74.74634634,
              41.23223964
            ],
            [
              -74.69515221,
              41.25252718
            ],
            [
              -74.64178185,
              41.26934558
            ],
            [
              -74.58664849,
              41.28256418
            ],
            [
              -74.53017991,
              41.29208019
            ],
            [
              -74.47281498,
              41.29781958
            ],
            [
              -74.415,
              41.29973768
            ]
          ]
        ]
      },
      "properties": {
        "description": "Morristown, NJ, Sunday, August 2, 2026 Local",
        "notam": "6_9953",
        "dateIssued": "2026-07-29T13:43:32",
        "dateEffective": "2026-08-02T21:45:00",
        "dateExpire": "2026-08-02T23:30:00",
        "upperVal": 17999,
        "lowerVal": 0,
        "facility": "ZBW",
        "type": "VIP"
      }
    },
    {
      "type": "Feature",
      "geometry": {
        "type": "Polygon",
        "coordinates": [
          [
            [
              -74.415,
              40.9662137
            ],
            [
              -74.37679724,
              40.96367382
            ],
            [
              -74.33976381,
              40.95613192
            ],
            [
              -74.30503244,
              40.9438188
            ],
            [
              -74.27366399,
              40.92711107
            ],
            [
              -74.24661449,
              40.90651946
            ],
            [
              -74.22470577,
              40.88267287
            ],
            [
              -74.2086005,
              40.85629892
            ],
            [
              -74.19878244,
              40.82820144
            ],
            [
              -74.19554238,
              40.79923575
            ],
            [
              -74.19897029,
              40.7702825
            ],
            [
              -74.20895355,
              40.74222083
            ],
            [
              -74.22518143,
              40.71590176
            ],
            [
              -74.24715539,
              40.69212249
            ],
            [
              -74.27420489,
              40.67160252
            ],
            [
              -74.30550811,
              40.65496211
            ],
            [
              -74.34011686,
              40.64270386
            ],
            [
              -74.3769851,
              40.63519779
            ],
            [
              -74.415,
              40.63267035
            ],
            [
              -74.4530149,
              40.63519779
            ],
            [
              -74.48988314,
              40.64270386
            ],
            [
              -74.52449189,
              40.65496211
            ],
            [
              -74.55579511,
              40.67160252
            ],
            [
              -74.58284461,
              40.69212249
            ],
            [
              -74.60481857,
              40.71590176
            ],
            [
              -74.62104645,
              40.74222083
            ],
            [
              -74.63102971,
              40.7702825
            ],
            [
              -74.63445762,
              40.79923575
            ],
            [
              -74.63121756,
              40.82820144
            ],
            [
              -74.6213995,
              40.85629892
            ],
            [
              -74.60529423,
              40.88267287
            ],
            [
              -74.58338551,
              40.90651946
            ],
            [
              -74.55633601,
              40.92711107
            ],
            [
              -74.52496756,
              40.9438188
            ],
            [
              -74.49023619,
              40.95613192
            ],
            [
              -74.45320276,
              40.96367382
            ],
            [
              -74.415,
              40.9662137
            ]
          ]
        ]
      },
      "properties": {
        "description": "Morristown, NJ, Sunday, August 2, 2026 Local",
        "notam": "6_9953",
        "dateIssued": "2026-07-29T13:43:32",
        "dateEffective": "2026-08-02T21:45:00",
        "dateExpire": "2026-08-02T23:30:00",
        "upperVal": 17999,
        "lowerVal": 0,
        "facility": "ZBW",
        "type": "VIP"
      }
    },
    {
      "type": "Feature",
      "geometry": {
        "type": "Polygon",
        "coordinates": [
          [
            [
              -74.415,
              41.29973768
            ],
            [
              -74.35718502,
              41.29781958
            ],
            [
              -74.29982009,
              41.29208019
            ],
            [
              -74.24335151,
              41.28256418
            ],
            [
              -74.18821815,
              41.26934558
            ],
            [
              -74.13484779,
              41.25252718
            ],
            [
              -74.08365366,
              41.23223964
            ],
            [
              -74.03503103,
              41.20864048
            ],
            [
              -73.98935407,
              41.1819127
            ],
            [
              -73.94697283,
              41.15226337
            ],
            [
              -73.90821057,
              41.11992186
            ],
            [
              -73.8733612,
              41.08513804
            ],
            [
              -73.84268718,
              41.04818021
            ],
            [
              -73.81641754,
              41.009333
            ],
            [
              -73.79474633,
              40.96889507
            ],
            [
              -73.77783128,
              40.92717674
            ],
            [
              -73.7657929,
              40.88449759
            ],
            [
              -73.75871376,
              40.84118391
            ],
            [
              -73.75663815,
              40.79756624
            ],
            [
              -73.75957207,
              40.75397676
            ],
            [
              -73.76748346,
              40.71074683
            ],
            [
              -73.78030273,
              40.66820442
            ],
            [
              -73.79792358,
              40.62667168
            ],
            [
              -73.8202041,
              40.58646255
            ],
            [
              -73.846968,
              40.54788039
            ],
            [
              -73.87800623,
              40.51121583
            ],
            [
              -73.91307868,
              40.47674457
            ],
            [
              -73.95191613,
              40.44472543
            ],
            [
              -73.99422234,
              40.41539846
            ],
            [
              -74.03967636,
              40.38898328
            ],
            [
              -74.08793488,
              40.3656774
            ],
            [
              -74.1386348,
              40.34565497
            ],
            [
              -74.19139586,
              40.3290654
            ],
            [
              -74.24582336,
              40.31603243
            ],
            [
              -74.30151095,
              40.3066532
            ],
            [
              -74.3580435,
              40.30099757
            ],
            [
              -74.415,
              40.29910767
            ],
            [
              -74.4719565,
              40.30099757
            ],
            [
              -74.52848905,
              40.3066532
            ],
            [
              -74.58417664,
              40.31603243
            ],
            [
              -74.63860414,
              40.3290654
            ],
            [
              -74.6913652,
              40.34565497
            ],
            [
              -74.74206512,
              40.3656774
            ],
            [
              -74.79032364,
              40.38898328
            ],
            [
              -74.83577766,
              40.41539846
            ],
            [
              -74.87808387,
              40.44472543
            ],
            [
              -74.91692132,
              40.47674457
            ],
            [
              -74.95199377,
              40.51121583
            ],
            [
              -74.983032,
              40.54788039
            ],
            [
              -75.0097959,
              40.58646255
            ],
            [
              -75.03207642,
              40.62667168
            ],
            [
              -75.04969727,
              40.66820442
            ],
            [
              -75.06251654,
              40.71074683
            ],
            [
              -75.07042793,
              40.75397676
            ],
            [
              -75.07336185,
              40.79756624
            ],
            [
              -75.07128624,
              40.84118391
            ],
            [
              -75.0642071,
              40.88449759
            ],
            [
              -75.05216872,
              40.92717674
            ],
            [
              -75.03525367,
              40.96889507
            ],
            [
              -75.01358246,
              41.009333
            ],
            [
              -74.98731282,
              41.04818021
            ],
            [
              -74.9566388,
              41.08513804
            ],
            [
              -74.92178943,
              41.11992186
            ],
            [
              -74.88302717,
              41.15226337
            ],
            [
              -74.84064593,
              41.1819127
            ],
            [
              -74.79496897,
              41.20864048
            ],
            [
              -74.74634634,
              41.23223964
            ],
            [
              -74.69515221,
              41.25252718
            ],
            [
              -74.64178185,
              41.26934558
            ],
            [
              -74.58664849,
              41.28256418
            ],
            [
              -74.53017991,
              41.29208019
            ],
            [
              -74.47281498,
              41.29781958
            ],
            [
              -74.415,
              41.29973768
            ]
          ]
        ]
      },
      "properties": {
        "description": "Morristown, NJ, Sunday, August 2, 2026 Local",
        "notam": "6_9952",
        "dateIssued": "2026-07-29T13:43:14",
        "dateEffective": "2026-08-02T21:45:00",
        "dateExpire": "2026-08-02T23:30:00",
        "upperVal": 17999,
        "lowerVal": 0,
        "facility": "ZNY",
        "type": "VIP"
      }
    },
    {
      "type": "Feature",
      "geometry": {
        "type": "Polygon",
        "coordinates": [
          [
            [
              -74.415,
              40.9662137
            ],
            [
              -74.37679724,
              40.96367382
            ],
            [
              -74.33976381,
              40.95613192
            ],
            [
              -74.30503244,
              40.9438188
            ],
            [
              -74.27366399,
              40.92711107
            ],
            [
              -74.24661449,
              40.90651946
            ],
            [
              -74.22470577,
              40.88267287
            ],
            [
              -74.2086005,
              40.85629892
            ],
            [
              -74.19878244,
              40.82820144
            ],
            [
              -74.19554238,
              40.79923575
            ],
            [
              -74.19897029,
              40.7702825
            ],
            [
              -74.20895355,
              40.74222083
            ],
            [
              -74.22518143,
              40.71590176
            ],
            [
              -74.24715539,
              40.69212249
            ],
            [
              -74.27420489,
              40.67160252
            ],
            [
              -74.30550811,
              40.65496211
            ],
            [
              -74.34011686,
              40.64270386
            ],
            [
              -74.3769851,
              40.63519779
            ],
            [
              -74.415,
              40.63267035
            ],
            [
              -74.4530149,
              40.63519779
            ],
            [
              -74.48988314,
              40.64270386
            ],
            [
              -74.52449189,
              40.65496211
            ],
            [
              -74.55579511,
              40.67160252
            ],
            [
              -74.58284461,
              40.69212249
            ],
            [
              -74.60481857,
              40.71590176
            ],
            [
              -74.62104645,
              40.74222083
            ],
            [
              -74.63102971,
              40.7702825
            ],
            [
              -74.63445762,
              40.79923575
            ],
            [
              -74.63121756,
              40.82820144
            ],
            [
              -74.6213995,
              40.85629892
            ],
            [
              -74.60529423,
              40.88267287
            ],
            [
              -74.58338551,
              40.90651946
            ],
            [
              -74.55633601,
              40.92711107
            ],
            [
              -74.52496756,
              40.9438188
            ],
            [
              -74.49023619,
              40.95613192
            ],
            [
              -74.45320276,
              40.96367382
            ],
            [
              -74.415,
              40.9662137
            ]
          ]
        ]
      },
      "properties": {
        "description": "Morristown, NJ, Sunday, August 2, 2026 Local",
        "notam": "6_9952",
        "dateIssued": "2026-07-29T13:43:14",
        "dateEffective": "2026-08-02T21:45:00",
        "dateExpire": "2026-08-02T23:30:00",
        "upperVal": 17999,
        "lowerVal": 0,
        "facility": "ZNY",
        "type": "VIP"
      }
    },
    {
      "type": "Feature",
      "geometry": {
        "type": "Polygon",
        "coordinates": [
          [
            [
              -74.415,
              41.29973768
            ],
            [
              -74.35718502,
              41.29781958
            ],
            [
              -74.29982009,
              41.29208019
            ],
            [
              -74.24335151,
              41.28256418
            ],
            [
              -74.18821815,
              41.26934558
            ],
            [
              -74.13484779,
              41.25252718
            ],
            [
              -74.08365366,
              41.23223964
            ],
            [
              -74.03503103,
              41.20864048
            ],
            [
              -73.98935407,
              41.1819127
            ],
            [
              -73.94697283,
              41.15226337
            ],
            [
              -73.90821057,
              41.11992186
            ],
            [
              -73.8733612,
              41.08513804
            ],
            [
              -73.84268718,
              41.04818021
            ],
            [
              -73.81641754,
              41.009333
            ],
            [
              -73.79474633,
              40.96889507
            ],
            [
              -73.77783128,
              40.92717674
            ],
            [
              -73.7657929,
              40.88449759
            ],
            [
              -73.75871376,
              40.84118391
            ],
            [
              -73.75663815,
              40.79756624
            ],
            [
              -73.75957207,
              40.75397676
            ],
            [
              -73.76748346,
              40.71074683
            ],
            [
              -73.78030273,
              40.66820442
            ],
            [
              -73.79792358,
              40.62667168
            ],
            [
              -73.8202041,
              40.58646255
            ],
            [
              -73.846968,
              40.54788039
            ],
            [
              -73.87800623,
              40.51121583
            ],
            [
              -73.91307868,
              40.47674457
            ],
            [
              -73.95191613,
              40.44472543
            ],
            [
              -73.99422234,
              40.41539846
            ],
            [
              -74.03967636,
              40.38898328
            ],
            [
              -74.08793488,
              40.3656774
            ],
            [
              -74.1386348,
              40.34565497
            ],
            [
              -74.19139586,
              40.3290654
            ],
            [
              -74.24582336,
              40.31603243
            ],
            [
              -74.30151095,
              40.3066532
            ],
            [
              -74.3580435,
              40.30099757
            ],
            [
              -74.415,
              40.29910767
            ],
            [
              -74.4719565,
              40.30099757
            ],
            [
              -74.52848905,
              40.3066532
            ],
            [
              -74.58417664,
              40.31603243
            ],
            [
              -74.63860414,
              40.3290654
            ],
            [
              -74.6913652,
              40.34565497
            ],
            [
              -74.74206512,
              40.3656774
            ],
            [
              -74.79032364,
              40.38898328
            ],
            [
              -74.83577766,
              40.41539846
            ],
            [
              -74.87808387,
              40.44472543
            ],
            [
              -74.91692132,
              40.47674457
            ],
            [
              -74.95199377,
              40.51121583
            ],
            [
              -74.983032,
              40.54788039
            ],
            [
              -75.0097959,
              40.58646255
            ],
            [
              -75.03207642,
              40.62667168
            ],
            [
              -75.04969727,
              40.66820442
            ],
            [
              -75.06251654,
              40.71074683
            ],
            [
              -75.07042793,
              40.75397676
            ],
            [
              -75.07336185,
              40.79756624
            ],
            [
              -75.07128624,
              40.84118391
            ],
            [
              -75.0642071,
              40.88449759
            ],
            [
              -75.05216872,
              40.92717674
            ],
            [
              -75.03525367,
              40.96889507
            ],
            [
              -75.01358246,
              41.009333
            ],
            [
              -74.98731282,
              41.04818021
            ],
            [
              -74.9566388,
              41.08513804
            ],
            [
              -74.92178943,
              41.11992186
            ],
            [
              -74.88302717,
              41.15226337
            ],
            [
              -74.84064593,
              41.1819127
            ],
            [
              -74.79496897,
              41.20864048
            ],
            [
              -74.74634634,
              41.23223964
            ],
            [
              -74.69515221,
              41.25252718
            ],
            [
              -74.64178185,
              41.26934558
            ],
            [
              -74.58664849,
              41.28256418
            ],
            [
              -74.53017991,
              41.29208019
            ],
            [
              -74.47281498,
              41.29781958
            ],
            [
              -74.415,
              41.29973768
            ]
          ]
        ]
      },
      "properties": {
        "description": "Morristown, NJ, Friday, July 31, 2026 Local",
        "notam": "6_9951",
        "dateIssued": "2026-07-29T13:42:46",
        "dateEffective": "2026-07-31T18:45:00",
        "dateExpire": "2026-07-31T20:00:00",
        "upperVal": 17999,
        "lowerVal": 0,
        "facility": "ZNY",
        "type": "VIP"
      }
    },
    {
      "type": "Feature",
      "geometry": {
        "type": "Polygon",
        "coordinates": [
          [
            [
              -74.415,
              40.9662137
            ],
            [
              -74.37679724,
              40.96367382
            ],
            [
              -74.33976381,
              40.95613192
            ],
            [
              -74.30503244,
              40.9438188
            ],
            [
              -74.27366399,
              40.92711107
            ],
            [
              -74.24661449,
              40.90651946
            ],
            [
              -74.22470577,
              40.88267287
            ],
            [
              -74.2086005,
              40.85629892
            ],
            [
              -74.19878244,
              40.82820144
            ],
            [
              -74.19554238,
              40.79923575
            ],
            [
              -74.19897029,
              40.7702825
            ],
            [
              -74.20895355,
              40.74222083
            ],
            [
              -74.22518143,
              40.71590176
            ],
            [
              -74.24715539,
              40.69212249
            ],
            [
              -74.27420489,
              40.67160252
            ],
            [
              -74.30550811,
              40.65496211
            ],
            [
              -74.34011686,
              40.64270386
            ],
            [
              -74.3769851,
              40.63519779
            ],
            [
              -74.415,
              40.63267035
            ],
            [
              -74.4530149,
              40.63519779
            ],
            [
              -74.48988314,
              40.64270386
            ],
            [
              -74.52449189,
              40.65496211
            ],
            [
              -74.55579511,
              40.67160252
            ],
            [
              -74.58284461,
              40.69212249
            ],
            [
              -74.60481857,
              40.71590176
            ],
            [
              -74.62104645,
              40.74222083
            ],
            [
              -74.63102971,
              40.7702825
            ],
            [
              -74.63445762,
              40.79923575
            ],
            [
              -74.63121756,
              40.82820144
            ],
            [
              -74.6213995,
              40.85629892
            ],
            [
              -74.60529423,
              40.88267287
            ],
            [
              -74.58338551,
              40.90651946
            ],
            [
              -74.55633601,
              40.92711107
            ],
            [
              -74.52496756,
              40.9438188
            ],
            [
              -74.49023619,
              40.95613192
            ],
            [
              -74.45320276,
              40.96367382
            ],
            [
              -74.415,
              40.9662137
            ]
          ]
        ]
      },
      "properties": {
        "description": "Morristown, NJ, Friday, July 31, 2026 Local",
        "notam": "6_9951",
        "dateIssued": "2026-07-29T13:42:46",
        "dateEffective": "2026-07-31T18:45:00",
        "dateExpire": "2026-07-31T20:00:00",
        "upperVal": 17999,
        "lowerVal": 0,
        "facility": "ZNY",
        "type": "VIP"
      }
    },
    {
      "type": "Feature",
      "geometry": {
        "type": "Polygon",
        "coordinates": [
          [
            [
              -74.56610128,
              40.19489775
            ],
            [
              -74.56530844,
              40.19497721
            ],
            [
              -74.5097124,
              40.20435689
            ],
            [
              -74.45537449,
              40.21739047
            ],
            [
              -74.40270041,
              40.23398081
            ],
            [
              -74.35208424,
              40.25400416
            ],
            [
              -74.30390565,
              40.27731105
            ],
            [
              -74.25852714,
              40.30372737
            ],
            [
              -74.21629147,
              40.33305554
            ],
            [
              -74.17751905,
              40.36507594
            ],
            [
              -74.14250562,
              40.39954849
            ],
            [
              -74.11151994,
              40.43621435
            ],
            [
              -74.08480171,
              40.47479777
            ],
            [
              -74.0625596,
              40.51500815
            ],
            [
              -74.04496955,
              40.55654207
            ],
            [
              -74.03930611,
              40.57537111
            ],
            [
              -74.05944444,
              40.60222222
            ],
            [
              -74.03472222,
              40.60944444
            ],
            [
              -74.03129758,
              40.6038794
            ],
            [
              -74.02427668,
              40.64231653
            ],
            [
              -74.02134934,
              40.68590691
            ],
            [
              -74.02342316,
              40.72952539
            ],
            [
              -74.03049212,
              40.77283975
            ],
            [
              -74.04251193,
              40.81551947
            ],
            [
              -74.05940011,
              40.85723824
            ],
            [
              -74.08103633,
              40.89767651
            ],
            [
              -74.10726306,
              40.93652395
            ],
            [
              -74.13788656,
              40.97348192
            ],
            [
              -74.17267815,
              41.0082658
            ],
            [
              -74.21137581,
              41.04060729
            ],
            [
              -74.25368609,
              41.07025656
            ],
            [
              -74.2992863,
              41.09698422
            ],
            [
              -74.32516265,
              41.10956454
            ],
            [
              -74.32568558,
              41.10916926
            ],
            [
              -74.33040861,
              41.10666907
            ],
            [
              -74.33563358,
              41.10482696
            ],
            [
              -74.34120186,
              41.10369884
            ],
            [
              -74.34694444,
              41.10331896
            ],
            [
              -74.35268702,
              41.10369884
            ],
            [
              -74.3582553,
              41.10482696
            ],
            [
              -74.36348027,
              41.10666907
            ],
            [
              -74.3682033,
              41.10916926
            ],
            [
              -74.37228095,
              41.11225163
            ],
            [
              -74.37558932,
              41.1158226
            ],
            [
              -74.37802782,
              41.11977373
            ],
            [
              -74.37952223,
              41.12398503
            ],
            [
              -74.38002698,
              41.12832858
            ],
            [
              -74.37952653,
              41.13267241
            ],
            [
              -74.3793732,
              41.13310568
            ],
            [
              -74.39893457,
              41.14087066
            ],
            [
              -74.45221454,
              41.15768893
            ],
            [
              -74.50725438,
              41.17090741
            ],
            [
              -74.56362704,
              41.18042333
            ],
            [
              -74.59778642,
              41.18384678
            ],
            [
              -74.60177354,
              41.18083616
            ],
            [
              -74.60650172,
              41.178336
            ],
            [
              -74.61173238,
              41.17649392
            ],
            [
              -74.61730673,
              41.17536582
            ],
            [
              -74.62305556,
              41.17498594
            ],
            [
              -74.62880439,
              41.17536582
            ],
            [
              -74.63437874,
              41.17649392
            ],
            [
              -74.6396094,
              41.178336
            ],
            [
              -74.64433758,
              41.18083616
            ],
            [
              -74.64841967,
              41.18391849
            ],
            [
              -74.6514427,
              41.18717786
            ],
            [
              -74.67861111,
              41.18808075
            ],
            [
              -74.73632776,
              41.18616266
            ],
            [
              -74.79359518,
              41.18042333
            ],
            [
              -74.84996784,
              41.17090741
            ],
            [
              -74.90500768,
              41.15768893
            ],
            [
              -74.95828765,
              41.14087066
            ],
            [
              -75.00939526,
              41.12058326
            ],
            [
              -75.05793592,
              41.09698422
            ],
            [
              -75.10353613,
              41.07025656
            ],
            [
              -75.14584641,
              41.04060729
            ],
            [
              -75.18454407,
              41.0082658
            ],
            [
              -75.21933566,
              40.97348192
            ],
            [
              -75.24995916,
              40.93652395
            ],
            [
              -75.27618589,
              40.89767651
            ],
            [
              -75.29782211,
              40.85723824
            ],
            [
              -75.31471029,
              40.81551947
            ],
            [
              -75.3267301,
              40.77283975
            ],
            [
              -75.33379906,
              40.72952539
            ],
            [
              -75.33587288,
              40.68590691
            ],
            [
              -75.33294554,
              40.64231653
            ],
            [
              -75.325049,
              40.59908558
            ],
            [
              -75.31225267,
              40.55654207
            ],
            [
              -75.29466262,
              40.51500815
            ],
            [
              -75.27242051,
              40.47479777
            ],
            [
              -75.24570228,
              40.43621435
            ],
            [
              -75.24185605,
              40.43166304
            ],
            [
              -75.23818508,
              40.43241497
            ],
            [
              -75.2325,
              40.43279518
            ],
            [
              -75.22681492,
              40.43241497
            ],
            [
              -75.22130277,
              40.43128591
            ],
            [
              -75.21613119,
              40.42944233
            ],
            [
              -75.21145744,
              40.42694031
            ],
            [
              -75.20742361,
              40.42385595
            ],
            [
              -75.20415224,
              40.42028302
            ],
            [
              -75.20174267,
              40.41633016
            ],
            [
              -75.20026801,
              40.41211752
            ],
            [
              -75.19977288,
              40.40777315
            ],
            [
              -75.20027215,
              40.40342905
            ],
            [
              -75.20175046,
              40.39921721
            ],
            [
              -75.20416273,
              40.39526557
            ],
            [
              -75.20710518,
              40.39205464
            ],
            [
              -75.17970317,
              40.36507594
            ],
            [
              -75.16036085,
              40.34910198
            ],
            [
              -75.15997982,
              40.34972789
            ],
            [
              -75.15562313,
              40.35449219
            ],
            [
              -75.15025061,
              40.35860508
            ],
            [
              -75.14402551,
              40.36194147
            ],
            [
              -75.13713709,
              40.36439987
            ],
            [
              -75.12979487,
              40.36590548
            ],
            [
              -75.12222222,
              40.3664125
            ],
            [
              -75.11464957,
              40.36590548
            ],
            [
              -75.10730735,
              40.36439987
            ],
            [
              -75.10041893,
              40.36194147
            ],
            [
              -75.09419383,
              40.35860508
            ],
            [
              -75.08882131,
              40.35449219
            ],
            [
              -75.08446462,
              40.34972789
            ],
            [
              -75.08125601,
              40.34445707
            ],
            [
              -75.07929276,
              40.33883998
            ],
            [
              -75.07863423,
              40.33304735
            ],
            [
              -75.0793001,
              40.3272552
            ],
            [
              -75.0812698,
              40.32163952
            ],
            [
              -75.0844832,
              40.31637086
            ],
            [
              -75.08884245,
              40.31160921
            ],
            [
              -75.09421496,
              40.30749914
            ],
            [
              -75.09981002,
              40.30450158
            ],
            [
              -75.09869508,
              40.30372737
            ],
            [
              -75.05331657,
              40.27731105
            ],
            [
              -75.00513798,
              40.25400416
            ],
            [
              -74.95452181,
              40.23398081
            ],
            [
              -74.94171597,
              40.22994745
            ],
            [
              -74.85194444,
              40.29361111
            ],
            [
              -74.8491639,
              40.29559176
            ],
            [
              -74.84611496,
              40.29732905
            ],
            [
              -74.84287972,
              40.29885616
            ],
            [
              -74.83948284,
              40.30016146
            ],
            [
              -74.83595018,
              40.30123501
            ],
            [
              -74.83230866,
              40.30206863
            ],
            [
              -74.82858604,
              40.30265595
            ],
            [
              -74.82481068,
              40.30299252
            ],
            [
              -74.82101135,
              40.30307575
            ],
            [
              -74.81721702,
              40.30290502
            ],
            [
              -74.81345661,
              40.30248162
            ],
            [
              -74.80975877,
              40.30180879
            ],
            [
              -74.80615168,
              40.30089165
            ],
            [
              -74.80266283,
              40.2997372
            ],
            [
              -74.79931881,
              40.29835422
            ],
            [
              -74.79614508,
              40.29675326
            ],
            [
              -74.79316582,
              40.29494651
            ],
            [
              -74.79040371,
              40.29294775
            ],
            [
              -74.78787977,
              40.2907722
            ],
            [
              -74.78561321,
              40.28843644
            ],
            [
              -74.78362126,
              40.28595825
            ],
            [
              -74.78191907,
              40.28335651
            ],
            [
              -74.78051957,
              40.28065104
            ],
            [
              -74.77943337,
              40.27786243
            ],
            [
              -74.7786687,
              40.27501192
            ],
            [
              -74.77823136,
              40.27212121
            ],
            [
              -74.77812461,
              40.2692123
            ],
            [
              -74.77834924,
              40.26630733
            ],
            [
              -74.7789035,
              40.26342841
            ],
            [
              -74.77978311,
              40.26059744
            ],
            [
              -74.78098136,
              40.25783597
            ],
            [
              -74.78248908,
              40.25516499
            ],
            [
              -74.78429478,
              40.25260483
            ],
            [
              -74.78638468,
              40.25017496
            ],
            [
              -74.78874288,
              40.24789385
            ],
            [
              -74.79138889,
              40.24583333
            ],
            [
              -74.84725207,
              40.2043134
            ],
            [
              -74.79191378,
              40.19497721
            ],
            [
              -74.73547409,
              40.18932131
            ],
            [
              -74.67861111,
              40.18743131
            ],
            [
              -74.63053472,
              40.18902926
            ],
            [
              -74.63498795,
              40.19244212
            ],
            [
              -74.63933954,
              40.19720387
            ],
            [
              -74.64254729,
              40.20247265
            ],
            [
              -74.64451353,
              40.20808845
            ],
            [
              -74.64517822,
              40.21388071
            ],
            [
              -74.64452083,
              40.21967346
            ],
            [
              -74.64256101,
              40.22529067
            ],
            [
              -74.63935802,
              40.23056159
            ],
            [
              -74.63500896,
              40.23532598
            ],
            [
              -74.62964586,
              40.23943895
            ],
            [
              -74.62343169,
              40.24277541
            ],
            [
              -74.61655536,
              40.24523386
            ],
            [
              -74.60922602,
              40.24673949
            ],
            [
              -74.60166667,
              40.24724652
            ],
            [
              -74.59410732,
              40.24673949
            ],
            [
              -74.58677798,
              40.24523386
            ],
            [
              -74.57990165,
              40.24277541
            ],
            [
              -74.57368748,
              40.23943895
            ],
            [
              -74.56832438,
              40.23532598
            ],
            [
              -74.56397532,
              40.23056159
            ],
            [
              -74.56077233,
              40.22529067
            ],
            [
              -74.55881251,
              40.21967346
            ],
            [
              -74.55815512,
              40.21388071
            ],
            [
              -74.55881981,
              40.20808845
            ],
            [
              -74.56078605,
              40.20247265
            ],
            [
              -74.5639938,
              40.19720387
            ],
            [
              -74.56610128,
              40.19489775
            ]
          ]
        ]
      },
      "properties": {
        "description": "Bedminster, NJ, Friday, July 31, 2026 through Sunday, August 2, 2026 Local",
        "notam": "6_9922",
        "dateIssued": "2026-07-29T13:12:10",
        "dateEffective": "2026-07-31T19:15:00",
        "dateExpire": "2026-08-02T22:45:00",
        "upperVal": 17999,
        "lowerVal": 0,
        "facility": "ZDC",
        "type": "VIP"
      }
    },
    {
      "type": "Feature",
      "geometry": {
        "type": "Polygon",
        "coordinates": [
          [
            [
              -74.67861111,
              40.85455027
            ],
            [
              -74.64047256,
              40.85201037
            ],
            [
              -74.60350134,
              40.8444684
            ],
            [
              -74.56882825,
              40.83215515
            ],
            [
              -74.53751234,
              40.81544723
            ],
            [
              -74.51050804,
              40.79485536
            ],
            [
              -74.48863581,
              40.77100844
            ],
            [
              -74.47255721,
              40.74463409
            ],
            [
              -74.46275523,
              40.71653613
            ],
            [
              -74.45952022,
              40.6875699
            ],
            [
              -74.46294203,
              40.65861606
            ],
            [
              -74.47290829,
              40.63055378
            ],
            [
              -74.48910881,
              40.60423409
            ],
            [
              -74.51104592,
              40.58045423
            ],
            [
              -74.53805022,
              40.55993371
            ],
            [
              -74.56930126,
              40.54329285
            ],
            [
              -74.60385242,
              40.53103426
            ],
            [
              -74.64065937,
              40.52352796
            ],
            [
              -74.67861111,
              40.52100045
            ],
            [
              -74.71656285,
              40.52352796
            ],
            [
              -74.7533698,
              40.53103426
            ],
            [
              -74.78792096,
              40.54329285
            ],
            [
              -74.819172,
              40.55993371
            ],
            [
              -74.8461763,
              40.58045423
            ],
            [
              -74.86811341,
              40.60423409
            ],
            [
              -74.88431393,
              40.63055378
            ],
            [
              -74.89428019,
              40.65861606
            ],
            [
              -74.897702,
              40.6875699
            ],
            [
              -74.89446699,
              40.71653613
            ],
            [
              -74.88466501,
              40.74463409
            ],
            [
              -74.86858641,
              40.77100844
            ],
            [
              -74.84671418,
              40.79485536
            ],
            [
              -74.81970988,
              40.81544723
            ],
            [
              -74.78839397,
              40.83215515
            ],
            [
              -74.75372088,
              40.8444684
            ],
            [
              -74.71674966,
              40.85201037
            ],
            [
              -74.67861111,
              40.85455027
            ]
          ]
        ]
      },
      "properties": {
        "description": "Bedminster, NJ, Friday, July 31, 2026 through Sunday, August 2, 2026 Local",
        "notam": "6_9922",
        "dateIssued": "2026-07-29T13:12:10",
        "dateEffective": "2026-07-31T19:15:00",
        "dateExpire": "2026-08-02T22:45:00",
        "upperVal": 17999,
        "lowerVal": 0,
        "facility": "ZDC",
        "type": "VIP"
      }
    },
    {
      "type": "Feature",
      "geometry": {
        "type": "Polygon",
        "coordinates": [
          [
            [
              -74.56610128,
              40.19489775
            ],
            [
              -74.56530844,
              40.19497721
            ],
            [
              -74.5097124,
              40.20435689
            ],
            [
              -74.45537449,
              40.21739047
            ],
            [
              -74.40270041,
              40.23398081
            ],
            [
              -74.35208424,
              40.25400416
            ],
            [
              -74.30390565,
              40.27731105
            ],
            [
              -74.25852714,
              40.30372737
            ],
            [
              -74.21629147,
              40.33305554
            ],
            [
              -74.17751905,
              40.36507594
            ],
            [
              -74.14250562,
              40.39954849
            ],
            [
              -74.11151994,
              40.43621435
            ],
            [
              -74.08480171,
              40.47479777
            ],
            [
              -74.0625596,
              40.51500815
            ],
            [
              -74.04496955,
              40.55654207
            ],
            [
              -74.03930611,
              40.57537111
            ],
            [
              -74.05944444,
              40.60222222
            ],
            [
              -74.03472222,
              40.60944444
            ],
            [
              -74.03129758,
              40.6038794
            ],
            [
              -74.02427668,
              40.64231653
            ],
            [
              -74.02134934,
              40.68590691
            ],
            [
              -74.02342316,
              40.72952539
            ],
            [
              -74.03049212,
              40.77283975
            ],
            [
              -74.04251193,
              40.81551947
            ],
            [
              -74.05940011,
              40.85723824
            ],
            [
              -74.08103633,
              40.89767651
            ],
            [
              -74.10726306,
              40.93652395
            ],
            [
              -74.13788656,
              40.97348192
            ],
            [
              -74.17267815,
              41.0082658
            ],
            [
              -74.21137581,
              41.04060729
            ],
            [
              -74.25368609,
              41.07025656
            ],
            [
              -74.2992863,
              41.09698422
            ],
            [
              -74.32516265,
              41.10956454
            ],
            [
              -74.32568558,
              41.10916926
            ],
            [
              -74.33040861,
              41.10666907
            ],
            [
              -74.33563358,
              41.10482696
            ],
            [
              -74.34120186,
              41.10369884
            ],
            [
              -74.34694444,
              41.10331896
            ],
            [
              -74.35268702,
              41.10369884
            ],
            [
              -74.3582553,
              41.10482696
            ],
            [
              -74.36348027,
              41.10666907
            ],
            [
              -74.3682033,
              41.10916926
            ],
            [
              -74.37228095,
              41.11225163
            ],
            [
              -74.37558932,
              41.1158226
            ],
            [
              -74.37802782,
              41.11977373
            ],
            [
              -74.37952223,
              41.12398503
            ],
            [
              -74.38002698,
              41.12832858
            ],
            [
              -74.37952653,
              41.13267241
            ],
            [
              -74.3793732,
              41.13310568
            ],
            [
              -74.39893457,
              41.14087066
            ],
            [
              -74.45221454,
              41.15768893
            ],
            [
              -74.50725438,
              41.17090741
            ],
            [
              -74.56362704,
              41.18042333
            ],
            [
              -74.59778642,
              41.18384678
            ],
            [
              -74.60177354,
              41.18083616
            ],
            [
              -74.60650172,
              41.178336
            ],
            [
              -74.61173238,
              41.17649392
            ],
            [
              -74.61730673,
              41.17536582
            ],
            [
              -74.62305556,
              41.17498594
            ],
            [
              -74.62880439,
              41.17536582
            ],
            [
              -74.63437874,
              41.17649392
            ],
            [
              -74.6396094,
              41.178336
            ],
            [
              -74.64433758,
              41.18083616
            ],
            [
              -74.64841967,
              41.18391849
            ],
            [
              -74.6514427,
              41.18717786
            ],
            [
              -74.67861111,
              41.18808075
            ],
            [
              -74.73632776,
              41.18616266
            ],
            [
              -74.79359518,
              41.18042333
            ],
            [
              -74.84996784,
              41.17090741
            ],
            [
              -74.90500768,
              41.15768893
            ],
            [
              -74.95828765,
              41.14087066
            ],
            [
              -75.00939526,
              41.12058326
            ],
            [
              -75.05793592,
              41.09698422
            ],
            [
              -75.10353613,
              41.07025656
            ],
            [
              -75.14584641,
              41.04060729
            ],
            [
              -75.18454407,
              41.0082658
            ],
            [
              -75.21933566,
              40.97348192
            ],
            [
              -75.24995916,
              40.93652395
            ],
            [
              -75.27618589,
              40.89767651
            ],
            [
              -75.29782211,
              40.85723824
            ],
            [
              -75.31471029,
              40.81551947
            ],
            [
              -75.3267301,
              40.77283975
            ],
            [
              -75.33379906,
              40.72952539
            ],
            [
              -75.33587288,
              40.68590691
            ],
            [
              -75.33294554,
              40.64231653
            ],
            [
              -75.325049,
              40.59908558
            ],
            [
              -75.31225267,
              40.55654207
            ],
            [
              -75.29466262,
              40.51500815
            ],
            [
              -75.27242051,
              40.47479777
            ],
            [
              -75.24570228,
              40.43621435
            ],
            [
              -75.24185605,
              40.43166304
            ],
            [
              -75.23818508,
              40.43241497
            ],
            [
              -75.2325,
              40.43279518
            ],
            [
              -75.22681492,
              40.43241497
            ],
            [
              -75.22130277,
              40.43128591
            ],
            [
              -75.21613119,
              40.42944233
            ],
            [
              -75.21145744,
              40.42694031
            ],
            [
              -75.20742361,
              40.42385595
            ],
            [
              -75.20415224,
              40.42028302
            ],
            [
              -75.20174267,
              40.41633016
            ],
            [
              -75.20026801,
              40.41211752
            ],
            [
              -75.19977288,
              40.40777315
            ],
            [
              -75.20027215,
              40.40342905
            ],
            [
              -75.20175046,
              40.39921721
            ],
            [
              -75.20416273,
              40.39526557
            ],
            [
              -75.20710518,
              40.39205464
            ],
            [
              -75.17970317,
              40.36507594
            ],
            [
              -75.16036085,
              40.34910198
            ],
            [
              -75.15997982,
              40.34972789
            ],
            [
              -75.15562313,
              40.35449219
            ],
            [
              -75.15025061,
              40.35860508
            ],
            [
              -75.14402551,
              40.36194147
            ],
            [
              -75.13713709,
              40.36439987
            ],
            [
              -75.12979487,
              40.36590548
            ],
            [
              -75.12222222,
              40.3664125
            ],
            [
              -75.11464957,
              40.36590548
            ],
            [
              -75.10730735,
              40.36439987
            ],
            [
              -75.10041893,
              40.36194147
            ],
            [
              -75.09419383,
              40.35860508
            ],
            [
              -75.08882131,
              40.35449219
            ],
            [
              -75.08446462,
              40.34972789
            ],
            [
              -75.08125601,
              40.34445707
            ],
            [
              -75.07929276,
              40.33883998
            ],
            [
              -75.07863423,
              40.33304735
            ],
            [
              -75.0793001,
              40.3272552
            ],
            [
              -75.0812698,
              40.32163952
            ],
            [
              -75.0844832,
              40.31637086
            ],
            [
              -75.08884245,
              40.31160921
            ],
            [
              -75.09421496,
              40.30749914
            ],
            [
              -75.09981002,
              40.30450158
            ],
            [
              -75.09869508,
              40.30372737
            ],
            [
              -75.05331657,
              40.27731105
            ],
            [
              -75.00513798,
              40.25400416
            ],
            [
              -74.95452181,
              40.23398081
            ],
            [
              -74.94171597,
              40.22994745
            ],
            [
              -74.85194444,
              40.29361111
            ],
            [
              -74.8491639,
              40.29559176
            ],
            [
              -74.84611496,
              40.29732905
            ],
            [
              -74.84287972,
              40.29885616
            ],
            [
              -74.83948284,
              40.30016146
            ],
            [
              -74.83595018,
              40.30123501
            ],
            [
              -74.83230866,
              40.30206863
            ],
            [
              -74.82858604,
              40.30265595
            ],
            [
              -74.82481068,
              40.30299252
            ],
            [
              -74.82101135,
              40.30307575
            ],
            [
              -74.81721702,
              40.30290502
            ],
            [
              -74.81345661,
              40.30248162
            ],
            [
              -74.80975877,
              40.30180879
            ],
            [
              -74.80615168,
              40.30089165
            ],
            [
              -74.80266283,
              40.2997372
            ],
            [
              -74.79931881,
              40.29835422
            ],
            [
              -74.79614508,
              40.29675326
            ],
            [
              -74.79316582,
              40.29494651
            ],
            [
              -74.79040371,
              40.29294775
            ],
            [
              -74.78787977,
              40.2907722
            ],
            [
              -74.78561321,
              40.28843644
            ],
            [
              -74.78362126,
              40.28595825
            ],
            [
              -74.78191907,
              40.28335651
            ],
            [
              -74.78051957,
              40.28065104
            ],
            [
              -74.77943337,
              40.27786243
            ],
            [
              -74.7786687,
              40.27501192
            ],
            [
              -74.77823136,
              40.27212121
            ],
            [
              -74.77812461,
              40.2692123
            ],
            [
              -74.77834924,
              40.26630733
            ],
            [
              -74.7789035,
              40.26342841
            ],
            [
              -74.77978311,
              40.26059744
            ],
            [
              -74.78098136,
              40.25783597
            ],
            [
              -74.78248908,
              40.25516499
            ],
            [
              -74.78429478,
              40.25260483
            ],
            [
              -74.78638468,
              40.25017496
            ],
            [
              -74.78874288,
              40.24789385
            ],
            [
              -74.79138889,
              40.24583333
            ],
            [
              -74.84725207,
              40.2043134
            ],
            [
              -74.79191378,
              40.19497721
            ],
            [
              -74.73547409,
              40.18932131
            ],
            [
              -74.67861111,
              40.18743131
            ],
            [
              -74.63053472,
              40.18902926
            ],
            [
              -74.63498795,
              40.19244212
            ],
            [
              -74.63933954,
              40.19720387
            ],
            [
              -74.64254729,
              40.20247265
            ],
            [
              -74.64451353,
              40.20808845
            ],
            [
              -74.64517822,
              40.21388071
            ],
            [
              -74.64452083,
              40.21967346
            ],
            [
              -74.64256101,
              40.22529067
            ],
            [
              -74.63935802,
              40.23056159
            ],
            [
              -74.63500896,
              40.23532598
            ],
            [
              -74.62964586,
              40.23943895
            ],
            [
              -74.62343169,
              40.24277541
            ],
            [
              -74.61655536,
              40.24523386
            ],
            [
              -74.60922602,
              40.24673949
            ],
            [
              -74.60166667,
              40.24724652
            ],
            [
              -74.59410732,
              40.24673949
            ],
            [
              -74.58677798,
              40.24523386
            ],
            [
              -74.57990165,
              40.24277541
            ],
            [
              -74.57368748,
              40.23943895
            ],
            [
              -74.56832438,
              40.23532598
            ],
            [
              -74.56397532,
              40.23056159
            ],
            [
              -74.56077233,
              40.22529067
            ],
            [
              -74.55881251,
              40.21967346
            ],
            [
              -74.55815512,
              40.21388071
            ],
            [
              -74.55881981,
              40.20808845
            ],
            [
              -74.56078605,
              40.20247265
            ],
            [
              -74.5639938,
              40.19720387
            ],
            [
              -74.56610128,
              40.19489775
            ]
          ]
        ]
      },
      "properties": {
        "description": "Bedminster, NJ, Friday, July 31, 2026 through Sunday, August 2, 2026 Local",
        "notam": "6_9923",
        "dateIssued": "2026-07-29T13:12:48",
        "dateEffective": "2026-07-31T19:15:00",
        "dateExpire": "2026-08-02T22:45:00",
        "upperVal": 17999,
        "lowerVal": 0,
        "facility": "ZNY",
        "type": "VIP"
      }
    },
    {
      "type": "Feature",
      "geometry": {
        "type": "Polygon",
        "coordinates": [
          [
            [
              -74.67861111,
              40.85455027
            ],
            [
              -74.64047256,
              40.85201037
            ],
            [
              -74.60350134,
              40.8444684
            ],
            [
              -74.56882825,
              40.83215515
            ],
            [
              -74.53751234,
              40.81544723
            ],
            [
              -74.51050804,
              40.79485536
            ],
            [
              -74.48863581,
              40.77100844
            ],
            [
              -74.47255721,
              40.74463409
            ],
            [
              -74.46275523,
              40.71653613
            ],
            [
              -74.45952022,
              40.6875699
            ],
            [
              -74.46294203,
              40.65861606
            ],
            [
              -74.47290829,
              40.63055378
            ],
            [
              -74.48910881,
              40.60423409
            ],
            [
              -74.51104592,
              40.58045423
            ],
            [
              -74.53805022,
              40.55993371
            ],
            [
              -74.56930126,
              40.54329285
            ],
            [
              -74.60385242,
              40.53103426
            ],
            [
              -74.64065937,
              40.52352796
            ],
            [
              -74.67861111,
              40.52100045
            ],
            [
              -74.71656285,
              40.52352796
            ],
            [
              -74.7533698,
              40.53103426
            ],
            [
              -74.78792096,
              40.54329285
            ],
            [
              -74.819172,
              40.55993371
            ],
            [
              -74.8461763,
              40.58045423
            ],
            [
              -74.86811341,
              40.60423409
            ],
            [
              -74.88431393,
              40.63055378
            ],
            [
              -74.89428019,
              40.65861606
            ],
            [
              -74.897702,
              40.6875699
            ],
            [
              -74.89446699,
              40.71653613
            ],
            [
              -74.88466501,
              40.74463409
            ],
            [
              -74.86858641,
              40.77100844
            ],
            [
              -74.84671418,
              40.79485536
            ],
            [
              -74.81970988,
              40.81544723
            ],
            [
              -74.78839397,
              40.83215515
            ],
            [
              -74.75372088,
              40.8444684
            ],
            [
              -74.71674966,
              40.85201037
            ],
            [
              -74.67861111,
              40.85455027
            ]
          ]
        ]
      },
      "properties": {
        "description": "Bedminster, NJ, Friday, July 31, 2026 through Sunday, August 2, 2026 Local",
        "notam": "6_9923",
        "dateIssued": "2026-07-29T13:12:48",
        "dateEffective": "2026-07-31T19:15:00",
        "dateExpire": "2026-08-02T22:45:00",
        "upperVal": 17999,
        "lowerVal": 0,
        "facility": "ZNY",
        "type": "VIP"
      }
    },
    {
      "type": "Feature",
      "geometry": {
        "type": "Polygon",
        "coordinates": [
          [
            [
              -77.46666667,
              40.14844878
            ],
            [
              -77.40983938,
              40.14653087
            ],
            [
              -77.35345406,
              40.14079204
            ],
            [
              -77.297949,
              40.13127693
            ],
            [
              -77.24375521,
              40.11805948
            ],
            [
              -77.19129289,
              40.10124239
            ],
            [
              -77.14096794,
              40.0809562
            ],
            [
              -77.09316871,
              40.05735829
            ],
            [
              -77.04826285,
              40.03063153
            ],
            [
              -77.00659445,
              40.00098281
            ],
            [
              -76.96848126,
              39.96864137
            ],
            [
              -76.93421235,
              39.9338569
            ],
            [
              -76.90404591,
              39.8968976
            ],
            [
              -76.87820735,
              39.85804794
            ],
            [
              -76.85688778,
              39.8176065
            ],
            [
              -76.84024268,
              39.77588351
            ],
            [
              -76.82839095,
              39.73319852
            ],
            [
              -76.82141424,
              39.68987779
            ],
            [
              -76.81935662,
              39.64625189
            ],
            [
              -76.8222245,
              39.60265305
            ],
            [
              -76.82998685,
              39.55941272
            ],
            [
              -76.84257575,
              39.51685898
            ],
            [
              -76.85988714,
              39.47531416
            ],
            [
              -76.88178189,
              39.43509234
            ],
            [
              -76.90808703,
              39.39649712
            ],
            [
              -76.93859729,
              39.35981933
            ],
            [
              -76.97307679,
              39.3253349
            ],
            [
              -77.01126094,
              39.29330291
            ],
            [
              -77.05285853,
              39.26396364
            ],
            [
              -77.09755391,
              39.23753694
            ],
            [
              -77.14500942,
              39.21422057
            ],
            [
              -77.19486784,
              39.19418886
            ],
            [
              -77.24675498,
              39.17759143
            ],
            [
              -77.30028243,
              39.16455217
            ],
            [
              -77.35505023,
              39.15516835
            ],
            [
              -77.41064978,
              39.14950993
            ],
            [
              -77.46666667,
              39.1476191
            ],
            [
              -77.52268356,
              39.14950993
            ],
            [
              -77.57828311,
              39.15516835
            ],
            [
              -77.63305091,
              39.16455217
            ],
            [
              -77.68657836,
              39.17759143
            ],
            [
              -77.7384655,
              39.19418886
            ],
            [
              -77.78832392,
              39.21422057
            ],
            [
              -77.83577943,
              39.23753694
            ],
            [
              -77.88047481,
              39.26396364
            ],
            [
              -77.9220724,
              39.29330291
            ],
            [
              -77.96025655,
              39.3253349
            ],
            [
              -77.99473605,
              39.35981933
            ],
            [
              -78.02524631,
              39.39649712
            ],
            [
              -78.05155145,
              39.43509234
            ],
            [
              -78.0734462,
              39.47531416
            ],
            [
              -78.09075759,
              39.51685898
            ],
            [
              -78.10334649,
              39.55941272
            ],
            [
              -78.11110884,
              39.60265305
            ],
            [
              -78.11397672,
              39.64625189
            ],
            [
              -78.1119191,
              39.68987779
            ],
            [
              -78.10494239,
              39.73319852
            ],
            [
              -78.09309066,
              39.77588351
            ],
            [
              -78.07644556,
              39.8176065
            ],
            [
              -78.05512599,
              39.85804794
            ],
            [
              -78.02928743,
              39.8968976
            ],
            [
              -77.99912099,
              39.9338569
            ],
            [
              -77.96485208,
              39.96864137
            ],
            [
              -77.92673889,
              40.00098281
            ],
            [
              -77.88507049,
              40.03063153
            ],
            [
              -77.84016463,
              40.05735829
            ],
            [
              -77.7923654,
              40.0809562
            ],
            [
              -77.74204045,
              40.10124239
            ],
            [
              -77.68957813,
              40.11805948
            ],
            [
              -77.63538434,
              40.13127693
            ],
            [
              -77.57987928,
              40.14079204
            ],
            [
              -77.52349396,
              40.14653087
            ],
            [
              -77.46666667,
              40.14844878
            ]
          ]
        ]
      },
      "properties": {
        "description": "THURMONT, MD, Friday, July 31, 2026 Local",
        "notam": "6_9921",
        "dateIssued": "2026-07-29T13:06:52",
        "dateEffective": "2026-07-31T14:00:00",
        "dateExpire": "2026-07-31T19:30:00",
        "upperVal": 17999,
        "lowerVal": 0,
        "facility": "ZDC",
        "type": "VIP"
      }
    },
    {
      "type": "Feature",
      "geometry": {
        "type": "Polygon",
        "coordinates": [
          [
            [
              -77.46666667,
              39.81485811
            ],
            [
              -77.42910897,
              39.81231798
            ],
            [
              -77.39270052,
              39.8047753
            ],
            [
              -77.35855464,
              39.79246083
            ],
            [
              -77.32771408,
              39.77575113
            ],
            [
              -77.30111868,
              39.75515685
            ],
            [
              -77.27957647,
              39.73130686
            ],
            [
              -77.26373917,
              39.70492875
            ],
            [
              -77.25408268,
              39.67682638
            ],
            [
              -77.25089333,
              39.64785515
            ],
            [
              -77.25426001,
              39.61889586
            ],
            [
              -77.26407245,
              39.59082787
            ],
            [
              -77.2800255,
              39.56450244
            ],
            [
              -77.30162929,
              39.54071707
            ],
            [
              -77.3282247,
              39.52019156
            ],
            [
              -77.35900367,
              39.50354648
            ],
            [
              -77.3930338,
              39.49128469
            ],
            [
              -77.42928631,
              39.4837764
            ],
            [
              -77.46666667,
              39.4812482
            ],
            [
              -77.50404703,
              39.4837764
            ],
            [
              -77.54029954,
              39.49128469
            ],
            [
              -77.57432967,
              39.50354648
            ],
            [
              -77.60510864,
              39.52019156
            ],
            [
              -77.63170405,
              39.54071707
            ],
            [
              -77.65330784,
              39.56450244
            ],
            [
              -77.66926089,
              39.59082787
            ],
            [
              -77.67907333,
              39.61889586
            ],
            [
              -77.68244001,
              39.64785515
            ],
            [
              -77.67925066,
              39.67682638
            ],
            [
              -77.66959417,
              39.70492875
            ],
            [
              -77.65375687,
              39.73130686
            ],
            [
              -77.63221466,
              39.75515685
            ],
            [
              -77.60561926,
              39.77575113
            ],
            [
              -77.5747787,
              39.79246083
            ],
            [
              -77.54063282,
              39.8047753
            ],
            [
              -77.50422437,
              39.81231798
            ],
            [
              -77.46666667,
              39.81485811
            ]
          ]
        ]
      },
      "properties": {
        "description": "THURMONT, MD, Friday, July 31, 2026 Local",
        "notam": "6_9921",
        "dateIssued": "2026-07-29T13:06:52",
        "dateEffective": "2026-07-31T14:00:00",
        "dateExpire": "2026-07-31T19:30:00",
        "upperVal": 17999,
        "lowerVal": 0,
        "facility": "ZDC",
        "type": "VIP"
      }
    },
    {
      "type": "Feature",
      "geometry": {
        "type": "Polygon",
        "coordinates": [
          [
            [
              -77.72638889,
              40.20899909
            ],
            [
              -77.66951107,
              40.20708117
            ],
            [
              -77.61307563,
              40.20134231
            ],
            [
              -77.55752127,
              40.19182716
            ],
            [
              -77.50327941,
              40.17860965
            ],
            [
              -77.45077063,
              40.16179249
            ],
            [
              -77.40040121,
              40.14150624
            ],
            [
              -77.35255985,
              40.11790826
            ],
            [
              -77.30761454,
              40.09118145
            ],
            [
              -77.26590966,
              40.06153271
            ],
            [
              -77.22776326,
              40.02919127
            ],
            [
              -77.19346465,
              39.99440684
            ],
            [
              -77.16327223,
              39.95744761
            ],
            [
              -77.13741162,
              39.91859809
            ],
            [
              -77.11607406,
              39.87815683
            ],
            [
              -77.09941514,
              39.8364341
            ],
            [
              -77.08755385,
              39.79374941
            ],
            [
              -77.0805719,
              39.75042905
            ],
            [
              -77.07851336,
              39.70680358
            ],
            [
              -77.08138461,
              39.66320524
            ],
            [
              -77.08915458,
              39.61996544
            ],
            [
              -77.10175526,
              39.5774123
            ],
            [
              -77.11908249,
              39.53586811
            ],
            [
              -77.14099697,
              39.49564695
            ],
            [
              -77.16732558,
              39.45705242
            ],
            [
              -77.19786285,
              39.42037531
            ],
            [
              -77.23237269,
              39.38589157
            ],
            [
              -77.27059027,
              39.35386024
            ],
            [
              -77.31222412,
              39.32452162
            ],
            [
              -77.35695832,
              39.29809552
            ],
            [
              -77.40445492,
              39.27477969
            ],
            [
              -77.45435639,
              39.25474846
            ],
            [
              -77.50628826,
              39.23815144
            ],
            [
              -77.55986176,
              39.22511251
            ],
            [
              -77.61467663,
              39.21572893
            ],
            [
              -77.67032392,
              39.21007066
            ],
            [
              -77.72638889,
              39.20817987
            ],
            [
              -77.78245386,
              39.21007066
            ],
            [
              -77.83810115,
              39.21572893
            ],
            [
              -77.89291602,
              39.22511251
            ],
            [
              -77.94648952,
              39.23815144
            ],
            [
              -77.99842139,
              39.25474846
            ],
            [
              -78.04832286,
              39.27477969
            ],
            [
              -78.09581946,
              39.29809552
            ],
            [
              -78.14055366,
              39.32452162
            ],
            [
              -78.18218751,
              39.35386024
            ],
            [
              -78.22040509,
              39.38589157
            ],
            [
              -78.25491493,
              39.42037531
            ],
            [
              -78.2854522,
              39.45705242
            ],
            [
              -78.31178081,
              39.49564695
            ],
            [
              -78.33369529,
              39.53586811
            ],
            [
              -78.35102252,
              39.5774123
            ],
            [
              -78.3636232,
              39.61996544
            ],
            [
              -78.37139317,
              39.66320524
            ],
            [
              -78.37426442,
              39.70680358
            ],
            [
              -78.37220588,
              39.75042905
            ],
            [
              -78.36522393,
              39.79374941
            ],
            [
              -78.35336264,
              39.8364341
            ],
            [
              -78.33670372,
              39.87815683
            ],
            [
              -78.31536616,
              39.91859809
            ],
            [
              -78.28950555,
              39.95744761
            ],
            [
              -78.25931313,
              39.99440684
            ],
            [
              -78.22501452,
              40.02919127
            ],
            [
              -78.18686812,
              40.06153271
            ],
            [
              -78.14516324,
              40.09118145
            ],
            [
              -78.10021793,
              40.11790826
            ],
            [
              -78.05237657,
              40.14150624
            ],
            [
              -78.00200715,
              40.16179249
            ],
            [
              -77.94949837,
              40.17860965
            ],
            [
              -77.89525651,
              40.19182716
            ],
            [
              -77.83970215,
              40.20134231
            ],
            [
              -77.78326671,
              40.20708117
            ],
            [
              -77.72638889,
              40.20899909
            ]
          ]
        ]
      },
      "properties": {
        "description": "THURMONT, MD, Friday, July 31, 2026 Local",
        "notam": "6_9921",
        "dateIssued": "2026-07-29T13:06:52",
        "dateEffective": "2026-07-31T14:00:00",
        "dateExpire": "2026-07-31T19:30:00",
        "upperVal": 17999,
        "lowerVal": 0,
        "facility": "ZDC",
        "type": "VIP"
      }
    },
    {
      "type": "Feature",
      "geometry": {
        "type": "Polygon",
        "coordinates": [
          [
            [
              -77.72638889,
              39.87541192
            ],
            [
              -77.68879819,
              39.8728718
            ],
            [
              -77.65235775,
              39.86532916
            ],
            [
              -77.61818192,
              39.85301476
            ],
            [
              -77.58731435,
              39.83630516
            ],
            [
              -77.56069571,
              39.81571103
            ],
            [
              -77.53913476,
              39.79186122
            ],
            [
              -77.52328374,
              39.76548332
            ],
            [
              -77.51361898,
              39.73738121
            ],
            [
              -77.51042704,
              39.70841027
            ],
            [
              -77.51379685,
              39.6794513
            ],
            [
              -77.52361803,
              39.65138364
            ],
            [
              -77.53958514,
              39.62505854
            ],
            [
              -77.56120787,
              39.60127349
            ],
            [
              -77.58782651,
              39.58074827
            ],
            [
              -77.61863231,
              39.56410344
            ],
            [
              -77.65269205,
              39.55184183
            ],
            [
              -77.68897606,
              39.54433365
            ],
            [
              -77.72638889,
              39.5418055
            ],
            [
              -77.76380172,
              39.54433365
            ],
            [
              -77.80008573,
              39.55184183
            ],
            [
              -77.83414547,
              39.56410344
            ],
            [
              -77.86495127,
              39.58074827
            ],
            [
              -77.89156991,
              39.60127349
            ],
            [
              -77.91319264,
              39.62505854
            ],
            [
              -77.92915975,
              39.65138364
            ],
            [
              -77.93898093,
              39.6794513
            ],
            [
              -77.94235074,
              39.70841027
            ],
            [
              -77.9391588,
              39.73738121
            ],
            [
              -77.92949404,
              39.76548332
            ],
            [
              -77.91364302,
              39.79186122
            ],
            [
              -77.89208207,
              39.81571103
            ],
            [
              -77.86546343,
              39.83630516
            ],
            [
              -77.83459586,
              39.85301476
            ],
            [
              -77.80042003,
              39.86532916
            ],
            [
              -77.76397959,
              39.8728718
            ],
            [
              -77.72638889,
              39.87541192
            ]
          ]
        ]
      },
      "properties": {
        "description": "THURMONT, MD, Friday, July 31, 2026 Local",
        "notam": "6_9921",
        "dateIssued": "2026-07-29T13:06:52",
        "dateEffective": "2026-07-31T14:00:00",
        "dateExpire": "2026-07-31T19:30:00",
        "upperVal": 17999,
        "lowerVal": 0,
        "facility": "ZDC",
        "type": "VIP"
      }
    },
    {
      "type": "Feature",
      "geometry": {
        "type": "Polygon",
        "coordinates": [
          [
            [
              -77.46666667,
              40.14844878
            ],
            [
              -77.40983938,
              40.14653087
            ],
            [
              -77.35345406,
              40.14079204
            ],
            [
              -77.297949,
              40.13127693
            ],
            [
              -77.24375521,
              40.11805948
            ],
            [
              -77.19129289,
              40.10124239
            ],
            [
              -77.14096794,
              40.0809562
            ],
            [
              -77.09316871,
              40.05735829
            ],
            [
              -77.04826285,
              40.03063153
            ],
            [
              -77.00659445,
              40.00098281
            ],
            [
              -76.96848126,
              39.96864137
            ],
            [
              -76.93421235,
              39.9338569
            ],
            [
              -76.90404591,
              39.8968976
            ],
            [
              -76.87820735,
              39.85804794
            ],
            [
              -76.85688778,
              39.8176065
            ],
            [
              -76.84024268,
              39.77588351
            ],
            [
              -76.82839095,
              39.73319852
            ],
            [
              -76.82141424,
              39.68987779
            ],
            [
              -76.81935662,
              39.64625189
            ],
            [
              -76.8222245,
              39.60265305
            ],
            [
              -76.82998685,
              39.55941272
            ],
            [
              -76.84257575,
              39.51685898
            ],
            [
              -76.85988714,
              39.47531416
            ],
            [
              -76.88178189,
              39.43509234
            ],
            [
              -76.90808703,
              39.39649712
            ],
            [
              -76.93859729,
              39.35981933
            ],
            [
              -76.97307679,
              39.3253349
            ],
            [
              -77.01126094,
              39.29330291
            ],
            [
              -77.05285853,
              39.26396364
            ],
            [
              -77.09755391,
              39.23753694
            ],
            [
              -77.14500942,
              39.21422057
            ],
            [
              -77.19486784,
              39.19418886
            ],
            [
              -77.24675498,
              39.17759143
            ],
            [
              -77.30028243,
              39.16455217
            ],
            [
              -77.35505023,
              39.15516835
            ],
            [
              -77.41064978,
              39.14950993
            ],
            [
              -77.46666667,
              39.1476191
            ],
            [
              -77.52268356,
              39.14950993
            ],
            [
              -77.57828311,
              39.15516835
            ],
            [
              -77.63305091,
              39.16455217
            ],
            [
              -77.68657836,
              39.17759143
            ],
            [
              -77.7384655,
              39.19418886
            ],
            [
              -77.78832392,
              39.21422057
            ],
            [
              -77.83577943,
              39.23753694
            ],
            [
              -77.88047481,
              39.26396364
            ],
            [
              -77.9220724,
              39.29330291
            ],
            [
              -77.96025655,
              39.3253349
            ],
            [
              -77.99473605,
              39.35981933
            ],
            [
              -78.02524631,
              39.39649712
            ],
            [
              -78.05155145,
              39.43509234
            ],
            [
              -78.0734462,
              39.47531416
            ],
            [
              -78.09075759,
              39.51685898
            ],
            [
              -78.10334649,
              39.55941272
            ],
            [
              -78.11110884,
              39.60265305
            ],
            [
              -78.11397672,
              39.64625189
            ],
            [
              -78.1119191,
              39.68987779
            ],
            [
              -78.10494239,
              39.73319852
            ],
            [
              -78.09309066,
              39.77588351
            ],
            [
              -78.07644556,
              39.8176065
            ],
            [
              -78.05512599,
              39.85804794
            ],
            [
              -78.02928743,
              39.8968976
            ],
            [
              -77.99912099,
              39.9338569
            ],
            [
              -77.96485208,
              39.96864137
            ],
            [
              -77.92673889,
              40.00098281
            ],
            [
              -77.88507049,
              40.03063153
            ],
            [
              -77.84016463,
              40.05735829
            ],
            [
              -77.7923654,
              40.0809562
            ],
            [
              -77.74204045,
              40.10124239
            ],
            [
              -77.68957813,
              40.11805948
            ],
            [
              -77.63538434,
              40.13127693
            ],
            [
              -77.57987928,
              40.14079204
            ],
            [
              -77.52349396,
              40.14653087
            ],
            [
              -77.46666667,
              40.14844878
            ]
          ]
        ]
      },
      "properties": {
        "description": "THURMONT, MD, Friday, July 31, 2026 Local",
        "notam": "6_9920",
        "dateIssued": "2026-07-29T13:05:28",
        "dateEffective": "2026-07-31T14:00:00",
        "dateExpire": "2026-07-31T19:30:00",
        "upperVal": 17999,
        "lowerVal": 0,
        "facility": "ZOB",
        "type": "VIP"
      }
    },
    {
      "type": "Feature",
      "geometry": {
        "type": "Polygon",
        "coordinates": [
          [
            [
              -77.46666667,
              39.81485811
            ],
            [
              -77.42910897,
              39.81231798
            ],
            [
              -77.39270052,
              39.8047753
            ],
            [
              -77.35855464,
              39.79246083
            ],
            [
              -77.32771408,
              39.77575113
            ],
            [
              -77.30111868,
              39.75515685
            ],
            [
              -77.27957647,
              39.73130686
            ],
            [
              -77.26373917,
              39.70492875
            ],
            [
              -77.25408268,
              39.67682638
            ],
            [
              -77.25089333,
              39.64785515
            ],
            [
              -77.25426001,
              39.61889586
            ],
            [
              -77.26407245,
              39.59082787
            ],
            [
              -77.2800255,
              39.56450244
            ],
            [
              -77.30162929,
              39.54071707
            ],
            [
              -77.3282247,
              39.52019156
            ],
            [
              -77.35900367,
              39.50354648
            ],
            [
              -77.3930338,
              39.49128469
            ],
            [
              -77.42928631,
              39.4837764
            ],
            [
              -77.46666667,
              39.4812482
            ],
            [
              -77.50404703,
              39.4837764
            ],
            [
              -77.54029954,
              39.49128469
            ],
            [
              -77.57432967,
              39.50354648
            ],
            [
              -77.60510864,
              39.52019156
            ],
            [
              -77.63170405,
              39.54071707
            ],
            [
              -77.65330784,
              39.56450244
            ],
            [
              -77.66926089,
              39.59082787
            ],
            [
              -77.67907333,
              39.61889586
            ],
            [
              -77.68244001,
              39.64785515
            ],
            [
              -77.67925066,
              39.67682638
            ],
            [
              -77.66959417,
              39.70492875
            ],
            [
              -77.65375687,
              39.73130686
            ],
            [
              -77.63221466,
              39.75515685
            ],
            [
              -77.60561926,
              39.77575113
            ],
            [
              -77.5747787,
              39.79246083
            ],
            [
              -77.54063282,
              39.8047753
            ],
            [
              -77.50422437,
              39.81231798
            ],
            [
              -77.46666667,
              39.81485811
            ]
          ]
        ]
      },
      "properties": {
        "description": "THURMONT, MD, Friday, July 31, 2026 Local",
        "notam": "6_9920",
        "dateIssued": "2026-07-29T13:05:28",
        "dateEffective": "2026-07-31T14:00:00",
        "dateExpire": "2026-07-31T19:30:00",
        "upperVal": 17999,
        "lowerVal": 0,
        "facility": "ZOB",
        "type": "VIP"
      }
    },
    {
      "type": "Feature",
      "geometry": {
        "type": "Polygon",
        "coordinates": [
          [
            [
              -77.72638889,
              40.20899909
            ],
            [
              -77.66951107,
              40.20708117
            ],
            [
              -77.61307563,
              40.20134231
            ],
            [
              -77.55752127,
              40.19182716
            ],
            [
              -77.50327941,
              40.17860965
            ],
            [
              -77.45077063,
              40.16179249
            ],
            [
              -77.40040121,
              40.14150624
            ],
            [
              -77.35255985,
              40.11790826
            ],
            [
              -77.30761454,
              40.09118145
            ],
            [
              -77.26590966,
              40.06153271
            ],
            [
              -77.22776326,
              40.02919127
            ],
            [
              -77.19346465,
              39.99440684
            ],
            [
              -77.16327223,
              39.95744761
            ],
            [
              -77.13741162,
              39.91859809
            ],
            [
              -77.11607406,
              39.87815683
            ],
            [
              -77.09941514,
              39.8364341
            ],
            [
              -77.08755385,
              39.79374941
            ],
            [
              -77.0805719,
              39.75042905
            ],
            [
              -77.07851336,
              39.70680358
            ],
            [
              -77.08138461,
              39.66320524
            ],
            [
              -77.08915458,
              39.61996544
            ],
            [
              -77.10175526,
              39.5774123
            ],
            [
              -77.11908249,
              39.53586811
            ],
            [
              -77.14099697,
              39.49564695
            ],
            [
              -77.16732558,
              39.45705242
            ],
            [
              -77.19786285,
              39.42037531
            ],
            [
              -77.23237269,
              39.38589157
            ],
            [
              -77.27059027,
              39.35386024
            ],
            [
              -77.31222412,
              39.32452162
            ],
            [
              -77.35695832,
              39.29809552
            ],
            [
              -77.40445492,
              39.27477969
            ],
            [
              -77.45435639,
              39.25474846
            ],
            [
              -77.50628826,
              39.23815144
            ],
            [
              -77.55986176,
              39.22511251
            ],
            [
              -77.61467663,
              39.21572893
            ],
            [
              -77.67032392,
              39.21007066
            ],
            [
              -77.72638889,
              39.20817987
            ],
            [
              -77.78245386,
              39.21007066
            ],
            [
              -77.83810115,
              39.21572893
            ],
            [
              -77.89291602,
              39.22511251
            ],
            [
              -77.94648952,
              39.23815144
            ],
            [
              -77.99842139,
              39.25474846
            ],
            [
              -78.04832286,
              39.27477969
            ],
            [
              -78.09581946,
              39.29809552
            ],
            [
              -78.14055366,
              39.32452162
            ],
            [
              -78.18218751,
              39.35386024
            ],
            [
              -78.22040509,
              39.38589157
            ],
            [
              -78.25491493,
              39.42037531
            ],
            [
              -78.2854522,
              39.45705242
            ],
            [
              -78.31178081,
              39.49564695
            ],
            [
              -78.33369529,
              39.53586811
            ],
            [
              -78.35102252,
              39.5774123
            ],
            [
              -78.3636232,
              39.61996544
            ],
            [
              -78.37139317,
              39.66320524
            ],
            [
              -78.37426442,
              39.70680358
            ],
            [
              -78.37220588,
              39.75042905
            ],
            [
              -78.36522393,
              39.79374941
            ],
            [
              -78.35336264,
              39.8364341
            ],
            [
              -78.33670372,
              39.87815683
            ],
            [
              -78.31536616,
              39.91859809
            ],
            [
              -78.28950555,
              39.95744761
            ],
            [
              -78.25931313,
              39.99440684
            ],
            [
              -78.22501452,
              40.02919127
            ],
            [
              -78.18686812,
              40.06153271
            ],
            [
              -78.14516324,
              40.09118145
            ],
            [
              -78.10021793,
              40.11790826
            ],
            [
              -78.05237657,
              40.14150624
            ],
            [
              -78.00200715,
              40.16179249
            ],
            [
              -77.94949837,
              40.17860965
            ],
            [
              -77.89525651,
              40.19182716
            ],
            [
              -77.83970215,
              40.20134231
            ],
            [
              -77.78326671,
              40.20708117
            ],
            [
              -77.72638889,
              40.20899909
            ]
          ]
        ]
      },
      "properties": {
        "description": "THURMONT, MD, Friday, July 31, 2026 Local",
        "notam": "6_9920",
        "dateIssued": "2026-07-29T13:05:28",
        "dateEffective": "2026-07-31T14:00:00",
        "dateExpire": "2026-07-31T19:30:00",
        "upperVal": 17999,
        "lowerVal": 0,
        "facility": "ZOB",
        "type": "VIP"
      }
    },
    {
      "type": "Feature",
      "geometry": {
        "type": "Polygon",
        "coordinates": [
          [
            [
              -77.72638889,
              39.87541192
            ],
            [
              -77.68879819,
              39.8728718
            ],
            [
              -77.65235775,
              39.86532916
            ],
            [
              -77.61818192,
              39.85301476
            ],
            [
              -77.58731435,
              39.83630516
            ],
            [
              -77.56069571,
              39.81571103
            ],
            [
              -77.53913476,
              39.79186122
            ],
            [
              -77.52328374,
              39.76548332
            ],
            [
              -77.51361898,
              39.73738121
            ],
            [
              -77.51042704,
              39.70841027
            ],
            [
              -77.51379685,
              39.6794513
            ],
            [
              -77.52361803,
              39.65138364
            ],
            [
              -77.53958514,
              39.62505854
            ],
            [
              -77.56120787,
              39.60127349
            ],
            [
              -77.58782651,
              39.58074827
            ],
            [
              -77.61863231,
              39.56410344
            ],
            [
              -77.65269205,
              39.55184183
            ],
            [
              -77.68897606,
              39.54433365
            ],
            [
              -77.72638889,
              39.5418055
            ],
            [
              -77.76380172,
              39.54433365
            ],
            [
              -77.80008573,
              39.55184183
            ],
            [
              -77.83414547,
              39.56410344
            ],
            [
              -77.86495127,
              39.58074827
            ],
            [
              -77.89156991,
              39.60127349
            ],
            [
              -77.91319264,
              39.62505854
            ],
            [
              -77.92915975,
              39.65138364
            ],
            [
              -77.93898093,
              39.6794513
            ],
            [
              -77.94235074,
              39.70841027
            ],
            [
              -77.9391588,
              39.73738121
            ],
            [
              -77.92949404,
              39.76548332
            ],
            [
              -77.91364302,
              39.79186122
            ],
            [
              -77.89208207,
              39.81571103
            ],
            [
              -77.86546343,
              39.83630516
            ],
            [
              -77.83459586,
              39.85301476
            ],
            [
              -77.80042003,
              39.86532916
            ],
            [
              -77.76397959,
              39.8728718
            ],
            [
              -77.72638889,
              39.87541192
            ]
          ]
        ]
      },
      "properties": {
        "description": "THURMONT, MD, Friday, July 31, 2026 Local",
        "notam": "6_9920",
        "dateIssued": "2026-07-29T13:05:28",
        "dateEffective": "2026-07-31T14:00:00",
        "dateExpire": "2026-07-31T19:30:00",
        "upperVal": 17999,
        "lowerVal": 0,
        "facility": "ZOB",
        "type": "VIP"
      }
    },
    {
      "type": "Feature",
      "geometry": {
        "type": "Polygon",
        "coordinates": [
          [
            [
              -77.46666667,
              40.14844878
            ],
            [
              -77.40983938,
              40.14653087
            ],
            [
              -77.35345406,
              40.14079204
            ],
            [
              -77.297949,
              40.13127693
            ],
            [
              -77.24375521,
              40.11805948
            ],
            [
              -77.19129289,
              40.10124239
            ],
            [
              -77.14096794,
              40.0809562
            ],
            [
              -77.09316871,
              40.05735829
            ],
            [
              -77.04826285,
              40.03063153
            ],
            [
              -77.00659445,
              40.00098281
            ],
            [
              -76.96848126,
              39.96864137
            ],
            [
              -76.93421235,
              39.9338569
            ],
            [
              -76.90404591,
              39.8968976
            ],
            [
              -76.87820735,
              39.85804794
            ],
            [
              -76.85688778,
              39.8176065
            ],
            [
              -76.84024268,
              39.77588351
            ],
            [
              -76.82839095,
              39.73319852
            ],
            [
              -76.82141424,
              39.68987779
            ],
            [
              -76.81935662,
              39.64625189
            ],
            [
              -76.8222245,
              39.60265305
            ],
            [
              -76.82998685,
              39.55941272
            ],
            [
              -76.84257575,
              39.51685898
            ],
            [
              -76.85988714,
              39.47531416
            ],
            [
              -76.88178189,
              39.43509234
            ],
            [
              -76.90808703,
              39.39649712
            ],
            [
              -76.93859729,
              39.35981933
            ],
            [
              -76.97307679,
              39.3253349
            ],
            [
              -77.01126094,
              39.29330291
            ],
            [
              -77.05285853,
              39.26396364
            ],
            [
              -77.09755391,
              39.23753694
            ],
            [
              -77.14500942,
              39.21422057
            ],
            [
              -77.19486784,
              39.19418886
            ],
            [
              -77.24675498,
              39.17759143
            ],
            [
              -77.30028243,
              39.16455217
            ],
            [
              -77.35505023,
              39.15516835
            ],
            [
              -77.41064978,
              39.14950993
            ],
            [
              -77.46666667,
              39.1476191
            ],
            [
              -77.52268356,
              39.14950993
            ],
            [
              -77.57828311,
              39.15516835
            ],
            [
              -77.63305091,
              39.16455217
            ],
            [
              -77.68657836,
              39.17759143
            ],
            [
              -77.7384655,
              39.19418886
            ],
            [
              -77.78832392,
              39.21422057
            ],
            [
              -77.83577943,
              39.23753694
            ],
            [
              -77.88047481,
              39.26396364
            ],
            [
              -77.9220724,
              39.29330291
            ],
            [
              -77.96025655,
              39.3253349
            ],
            [
              -77.99473605,
              39.35981933
            ],
            [
              -78.02524631,
              39.39649712
            ],
            [
              -78.05155145,
              39.43509234
            ],
            [
              -78.0734462,
              39.47531416
            ],
            [
              -78.09075759,
              39.51685898
            ],
            [
              -78.10334649,
              39.55941272
            ],
            [
              -78.11110884,
              39.60265305
            ],
            [
              -78.11397672,
              39.64625189
            ],
            [
              -78.1119191,
              39.68987779
            ],
            [
              -78.10494239,
              39.73319852
            ],
            [
              -78.09309066,
              39.77588351
            ],
            [
              -78.07644556,
              39.8176065
            ],
            [
              -78.05512599,
              39.85804794
            ],
            [
              -78.02928743,
              39.8968976
            ],
            [
              -77.99912099,
              39.9338569
            ],
            [
              -77.96485208,
              39.96864137
            ],
            [
              -77.92673889,
              40.00098281
            ],
            [
              -77.88507049,
              40.03063153
            ],
            [
              -77.84016463,
              40.05735829
            ],
            [
              -77.7923654,
              40.0809562
            ],
            [
              -77.74204045,
              40.10124239
            ],
            [
              -77.68957813,
              40.11805948
            ],
            [
              -77.63538434,
              40.13127693
            ],
            [
              -77.57987928,
              40.14079204
            ],
            [
              -77.52349396,
              40.14653087
            ],
            [
              -77.46666667,
              40.14844878
            ]
          ]
        ]
      },
      "properties": {
        "description": "THURMONT, MD, Friday, July 31, 2026 Local",
        "notam": "6_9918",
        "dateIssued": "2026-07-29T13:00:58",
        "dateEffective": "2026-07-31T14:00:00",
        "dateExpire": "2026-07-31T19:30:00",
        "upperVal": 17999,
        "lowerVal": 0,
        "facility": "ZNY",
        "type": "VIP"
      }
    },
    {
      "type": "Feature",
      "geometry": {
        "type": "Polygon",
        "coordinates": [
          [
            [
              -77.46666667,
              39.81485811
            ],
            [
              -77.42910897,
              39.81231798
            ],
            [
              -77.39270052,
              39.8047753
            ],
            [
              -77.35855464,
              39.79246083
            ],
            [
              -77.32771408,
              39.77575113
            ],
            [
              -77.30111868,
              39.75515685
            ],
            [
              -77.27957647,
              39.73130686
            ],
            [
              -77.26373917,
              39.70492875
            ],
            [
              -77.25408268,
              39.67682638
            ],
            [
              -77.25089333,
              39.64785515
            ],
            [
              -77.25426001,
              39.61889586
            ],
            [
              -77.26407245,
              39.59082787
            ],
            [
              -77.2800255,
              39.56450244
            ],
            [
              -77.30162929,
              39.54071707
            ],
            [
              -77.3282247,
              39.52019156
            ],
            [
              -77.35900367,
              39.50354648
            ],
            [
              -77.3930338,
              39.49128469
            ],
            [
              -77.42928631,
              39.4837764
            ],
            [
              -77.46666667,
              39.4812482
            ],
            [
              -77.50404703,
              39.4837764
            ],
            [
              -77.54029954,
              39.49128469
            ],
            [
              -77.57432967,
              39.50354648
            ],
            [
              -77.60510864,
              39.52019156
            ],
            [
              -77.63170405,
              39.54071707
            ],
            [
              -77.65330784,
              39.56450244
            ],
            [
              -77.66926089,
              39.59082787
            ],
            [
              -77.67907333,
              39.61889586
            ],
            [
              -77.68244001,
              39.64785515
            ],
            [
              -77.67925066,
              39.67682638
            ],
            [
              -77.66959417,
              39.70492875
            ],
            [
              -77.65375687,
              39.73130686
            ],
            [
              -77.63221466,
              39.75515685
            ],
            [
              -77.60561926,
              39.77575113
            ],
            [
              -77.5747787,
              39.79246083
            ],
            [
              -77.54063282,
              39.8047753
            ],
            [
              -77.50422437,
              39.81231798
            ],
            [
              -77.46666667,
              39.81485811
            ]
          ]
        ]
      },
      "properties": {
        "description": "THURMONT, MD, Friday, July 31, 2026 Local",
        "notam": "6_9918",
        "dateIssued": "2026-07-29T13:00:58",
        "dateEffective": "2026-07-31T14:00:00",
        "dateExpire": "2026-07-31T19:30:00",
        "upperVal": 17999,
        "lowerVal": 0,
        "facility": "ZNY",
        "type": "VIP"
      }
    },
    {
      "type": "Feature",
      "geometry": {
        "type": "Polygon",
        "coordinates": [
          [
            [
              -77.72638889,
              40.20899909
            ],
            [
              -77.66951107,
              40.20708117
            ],
            [
              -77.61307563,
              40.20134231
            ],
            [
              -77.55752127,
              40.19182716
            ],
            [
              -77.50327941,
              40.17860965
            ],
            [
              -77.45077063,
              40.16179249
            ],
            [
              -77.40040121,
              40.14150624
            ],
            [
              -77.35255985,
              40.11790826
            ],
            [
              -77.30761454,
              40.09118145
            ],
            [
              -77.26590966,
              40.06153271
            ],
            [
              -77.22776326,
              40.02919127
            ],
            [
              -77.19346465,
              39.99440684
            ],
            [
              -77.16327223,
              39.95744761
            ],
            [
              -77.13741162,
              39.91859809
            ],
            [
              -77.11607406,
              39.87815683
            ],
            [
              -77.09941514,
              39.8364341
            ],
            [
              -77.08755385,
              39.79374941
            ],
            [
              -77.0805719,
              39.75042905
            ],
            [
              -77.07851336,
              39.70680358
            ],
            [
              -77.08138461,
              39.66320524
            ],
            [
              -77.08915458,
              39.61996544
            ],
            [
              -77.10175526,
              39.5774123
            ],
            [
              -77.11908249,
              39.53586811
            ],
            [
              -77.14099697,
              39.49564695
            ],
            [
              -77.16732558,
              39.45705242
            ],
            [
              -77.19786285,
              39.42037531
            ],
            [
              -77.23237269,
              39.38589157
            ],
            [
              -77.27059027,
              39.35386024
            ],
            [
              -77.31222412,
              39.32452162
            ],
            [
              -77.35695832,
              39.29809552
            ],
            [
              -77.40445492,
              39.27477969
            ],
            [
              -77.45435639,
              39.25474846
            ],
            [
              -77.50628826,
              39.23815144
            ],
            [
              -77.55986176,
              39.22511251
            ],
            [
              -77.61467663,
              39.21572893
            ],
            [
              -77.67032392,
              39.21007066
            ],
            [
              -77.72638889,
              39.20817987
            ],
            [
              -77.78245386,
              39.21007066
            ],
            [
              -77.83810115,
              39.21572893
            ],
            [
              -77.89291602,
              39.22511251
            ],
            [
              -77.94648952,
              39.23815144
            ],
            [
              -77.99842139,
              39.25474846
            ],
            [
              -78.04832286,
              39.27477969
            ],
            [
              -78.09581946,
              39.29809552
            ],
            [
              -78.14055366,
              39.32452162
            ],
            [
              -78.18218751,
              39.35386024
            ],
            [
              -78.22040509,
              39.38589157
            ],
            [
              -78.25491493,
              39.42037531
            ],
            [
              -78.2854522,
              39.45705242
            ],
            [
              -78.31178081,
              39.49564695
            ],
            [
              -78.33369529,
              39.53586811
            ],
            [
              -78.35102252,
              39.5774123
            ],
            [
              -78.3636232,
              39.61996544
            ],
            [
              -78.37139317,
              39.66320524
            ],
            [
              -78.37426442,
              39.70680358
            ],
            [
              -78.37220588,
              39.75042905
            ],
            [
              -78.36522393,
              39.79374941
            ],
            [
              -78.35336264,
              39.8364341
            ],
            [
              -78.33670372,
              39.87815683
            ],
            [
              -78.31536616,
              39.91859809
            ],
            [
              -78.28950555,
              39.95744761
            ],
            [
              -78.25931313,
              39.99440684
            ],
            [
              -78.22501452,
              40.02919127
            ],
            [
              -78.18686812,
              40.06153271
            ],
            [
              -78.14516324,
              40.09118145
            ],
            [
              -78.10021793,
              40.11790826
            ],
            [
              -78.05237657,
              40.14150624
            ],
            [
              -78.00200715,
              40.16179249
            ],
            [
              -77.94949837,
              40.17860965
            ],
            [
              -77.89525651,
              40.19182716
            ],
            [
              -77.83970215,
              40.20134231
            ],
            [
              -77.78326671,
              40.20708117
            ],
            [
              -77.72638889,
              40.20899909
            ]
          ]
        ]
      },
      "properties": {
        "description": "THURMONT, MD, Friday, July 31, 2026 Local",
        "notam": "6_9918",
        "dateIssued": "2026-07-29T13:00:58",
        "dateEffective": "2026-07-31T14:00:00",
        "dateExpire": "2026-07-31T19:30:00",
        "upperVal": 17999,
        "lowerVal": 0,
        "facility": "ZNY",
        "type": "VIP"
      }
    },
    {
      "type": "Feature",
      "geometry": {
        "type": "Polygon",
        "coordinates": [
          [
            [
              -77.72638889,
              39.87541192
            ],
            [
              -77.68879819,
              39.8728718
            ],
            [
              -77.65235775,
              39.86532916
            ],
            [
              -77.61818192,
              39.85301476
            ],
            [
              -77.58731435,
              39.83630516
            ],
            [
              -77.56069571,
              39.81571103
            ],
            [
              -77.53913476,
              39.79186122
            ],
            [
              -77.52328374,
              39.76548332
            ],
            [
              -77.51361898,
              39.73738121
            ],
            [
              -77.51042704,
              39.70841027
            ],
            [
              -77.51379685,
              39.6794513
            ],
            [
              -77.52361803,
              39.65138364
            ],
            [
              -77.53958514,
              39.62505854
            ],
            [
              -77.56120787,
              39.60127349
            ],
            [
              -77.58782651,
              39.58074827
            ],
            [
              -77.61863231,
              39.56410344
            ],
            [
              -77.65269205,
              39.55184183
            ],
            [
              -77.68897606,
              39.54433365
            ],
            [
              -77.72638889,
              39.5418055
            ],
            [
              -77.76380172,
              39.54433365
            ],
            [
              -77.80008573,
              39.55184183
            ],
            [
              -77.83414547,
              39.56410344
            ],
            [
              -77.86495127,
              39.58074827
            ],
            [
              -77.89156991,
              39.60127349
            ],
            [
              -77.91319264,
              39.62505854
            ],
            [
              -77.92915975,
              39.65138364
            ],
            [
              -77.93898093,
              39.6794513
            ],
            [
              -77.94235074,
              39.70841027
            ],
            [
              -77.9391588,
              39.73738121
            ],
            [
              -77.92949404,
              39.76548332
            ],
            [
              -77.91364302,
              39.79186122
            ],
            [
              -77.89208207,
              39.81571103
            ],
            [
              -77.86546343,
              39.83630516
            ],
            [
              -77.83459586,
              39.85301476
            ],
            [
              -77.80042003,
              39.86532916
            ],
            [
              -77.76397959,
              39.8728718
            ],
            [
              -77.72638889,
              39.87541192
            ]
          ]
        ]
      },
      "properties": {
        "description": "THURMONT, MD, Friday, July 31, 2026 Local",
        "notam": "6_9918",
        "dateIssued": "2026-07-29T13:00:58",
        "dateEffective": "2026-07-31T14:00:00",
        "dateExpire": "2026-07-31T19:30:00",
        "upperVal": 17999,
        "lowerVal": 0,
        "facility": "ZNY",
        "type": "VIP"
      }
    },
    {
      "type": "Feature",
      "geometry": {
        "type": "Polygon",
        "coordinates": [
          [
            [
              -117.64583333,
              42.75833333
            ],
            [
              -116.73333333,
              43.08333333
            ],
            [
              -116.35416667,
              42.75416667
            ],
            [
              -116.88333333,
              42.26666667
            ],
            [
              -117.275,
              42.375
            ],
            [
              -117.64583333,
              42.75833333
            ]
          ]
        ]
      },
      "properties": {
        "description": "95NM SE BURNS, OR, Wednesday, July 29, 2026 through Wednesday, August 12, 2026 UTC",
        "notam": "6_9893",
        "dateIssued": "2026-07-29T05:45:20",
        "dateEffective": "2026-07-29T05:15:00",
        "dateExpire": "2026-08-12T05:00:00",
        "upperVal": 10000,
        "lowerVal": 0,
        "facility": "ZLC",
        "type": "HAZARDS"
      }
    },
    {
      "type": "Feature",
      "geometry": {
        "type": "Polygon",
        "coordinates": [
          [
            [
              -119.65,
              43.8
            ],
            [
              -119.1,
              43.94166667
            ],
            [
              -119.0,
              43.75
            ],
            [
              -119.0,
              43.66666667
            ],
            [
              -119.16666667,
              43.50833333
            ],
            [
              -119.50833333,
              43.54166667
            ],
            [
              -119.65,
              43.8
            ]
          ]
        ]
      },
      "properties": {
        "description": "10NM NW BURNS, OR, Wednesday, July 29, 2026 through Wednesday, August 12, 2026 UTC",
        "notam": "6_9892",
        "dateIssued": "2026-07-29T05:45:05",
        "dateEffective": "2026-07-29T05:15:00",
        "dateExpire": "2026-08-12T05:00:00",
        "upperVal": 10000,
        "lowerVal": 0,
        "facility": "ZLC",
        "type": "HAZARDS"
      }
    },
    {
      "type": "Feature",
      "geometry": {
        "type": "Polygon",
        "coordinates": [
          [
            [
              -119.65,
              43.8
            ],
            [
              -119.1,
              43.94166667
            ],
            [
              -119.0,
              43.75
            ],
            [
              -119.0,
              43.66666667
            ],
            [
              -119.16666667,
              43.50833333
            ],
            [
              -119.50833333,
              43.54166667
            ],
            [
              -119.65,
              43.8
            ]
          ]
        ]
      },
      "properties": {
        "description": "10NM NW BURNS, OR, Wednesday, July 29, 2026 through Wednesday, August 12, 2026 UTC",
        "notam": "6_9887",
        "dateIssued": "2026-07-29T05:02:06",
        "dateEffective": "2026-07-29T05:00:00",
        "dateExpire": "2026-08-12T05:00:00",
        "upperVal": 10000,
        "lowerVal": 0,
        "facility": "ZSE",
        "type": "HAZARDS"
      }
    },
    {
      "type": "Feature",
      "geometry": {
        "type": "Polygon",
        "coordinates": [
          [
            [
              -123.09166667,
              42.71666667
            ],
            [
              -122.8375,
              42.71666667
            ],
            [
              -122.8375,
              42.5625
            ],
            [
              -123.09166667,
              42.5625
            ],
            [
              -123.09166667,
              42.71666667
            ]
          ]
        ]
      },
      "properties": {
        "description": "20NM NW MEDFORD, OR, Wednesday, July 29, 2026 through Wednesday, August 12, 2026 UTC",
        "notam": "6_9888",
        "dateIssued": "2026-07-29T05:02:09",
        "dateEffective": "2026-07-29T13:00:00",
        "dateExpire": "2026-08-12T03:00:00",
        "upperVal": 6000,
        "lowerVal": 0,
        "facility": "ZSE",
        "type": "HAZARDS"
      }
    },
    {
      "type": "Feature",
      "geometry": {
        "type": "Polygon",
        "coordinates": [
          [
            [
              -119.7,
              48.8249106
            ],
            [
              -119.66934281,
              48.82313548
            ],
            [
              -119.63962345,
              48.81786441
            ],
            [
              -119.61175047,
              48.8092586
            ],
            [
              -119.5865749,
              48.79758116
            ],
            [
              -119.56486385,
              48.78318887
            ],
            [
              -119.54727696,
              48.76652113
            ],
            [
              -119.53434638,
              48.74808636
            ],
            [
              -119.52646086,
              48.72844628
            ],
            [
              -119.52385444,
              48.70819869
            ],
            [
              -119.52660002,
              48.68795914
            ],
            [
              -119.53460792,
              48.66834224
            ],
            [
              -119.54762933,
              48.64994297
            ],
            [
              -119.56526455,
              48.63331879
            ],
            [
              -119.5869756,
              48.61897285
            ],
            [
              -119.61210284,
              48.60733897
            ],
            [
              -119.63988499,
              48.59876867
            ],
            [
              -119.66948197,
              48.59352077
            ],
            [
              -119.7,
              48.59175369
            ],
            [
              -119.73051803,
              48.59352077
            ],
            [
              -119.76011501,
              48.59876867
            ],
            [
              -119.78789716,
              48.60733897
            ],
            [
              -119.8130244,
              48.61897285
            ],
            [
              -119.83473545,
              48.63331879
            ],
            [
              -119.85237067,
              48.64994297
            ],
            [
              -119.86539208,
              48.66834224
            ],
            [
              -119.87339998,
              48.68795914
            ],
            [
              -119.87614556,
              48.70819869
            ],
            [
              -119.87353914,
              48.72844628
            ],
            [
              -119.86565362,
              48.74808636
            ],
            [
              -119.85272304,
              48.76652113
            ],
            [
              -119.83513615,
              48.78318887
            ],
            [
              -119.8134251,
              48.79758116
            ],
            [
              -119.78824953,
              48.8092586
            ],
            [
              -119.76037655,
              48.81786441
            ],
            [
              -119.73065719,
              48.82313548
            ],
            [
              -119.7,
              48.8249106
            ]
          ]
        ]
      },
      "properties": {
        "description": "19NM N OMAK, WA, Wednesday, July 29, 2026 through Wednesday, August 12, 2026 UTC",
        "notam": "6_9890",
        "dateIssued": "2026-07-29T05:02:25",
        "dateEffective": "2026-07-29T15:00:00",
        "dateExpire": "2026-08-12T05:00:00",
        "upperVal": 8500,
        "lowerVal": 0,
        "facility": "ZSE",
        "type": "HAZARDS"
      }
    },
    {
      "type": "Feature",
      "geometry": {
        "type": "Polygon",
        "coordinates": [
          [
            [
              -108.75333333,
              39.44143238
            ],
            [
              -108.74212613,
              39.44067157
            ],
            [
              -108.73126016,
              39.4384123
            ],
            [
              -108.72106621,
              39.43472337
            ],
            [
              -108.71185449,
              39.42971707
            ],
            [
              -108.70390513,
              39.42354578
            ],
            [
              -108.69745967,
              39.41639727
            ],
            [
              -108.6927137,
              39.40848903
            ],
            [
              -108.68981097,
              39.40006154
            ],
            [
              -108.68883903,
              39.39137101
            ],
            [
              -108.68982672,
              39.38268155
            ],
            [
              -108.69274332,
              39.37425713
            ],
            [
              -108.69749957,
              39.36635359
            ],
            [
              -108.7039505,
              39.35921085
            ],
            [
              -108.71189986,
              39.35304568
            ],
            [
              -108.72110611,
              39.34804515
            ],
            [
              -108.73128977,
              39.34436091
            ],
            [
              -108.74214188,
              39.34210472
            ],
            [
              -108.75333333,
              39.34134497
            ],
            [
              -108.76452478,
              39.34210472
            ],
            [
              -108.77537689,
              39.34436091
            ],
            [
              -108.78556056,
              39.34804515
            ],
            [
              -108.79476681,
              39.35304568
            ],
            [
              -108.80271617,
              39.35921085
            ],
            [
              -108.8091671,
              39.36635359
            ],
            [
              -108.81392335,
              39.37425713
            ],
            [
              -108.81683994,
              39.38268155
            ],
            [
              -108.81782763,
              39.39137101
            ],
            [
              -108.8168557,
              39.40006154
            ],
            [
              -108.81395296,
              39.40848903
            ],
            [
              -108.809207,
              39.41639727
            ],
            [
              -108.80276154,
              39.42354578
            ],
            [
              -108.79481218,
              39.42971707
            ],
            [
              -108.78560045,
              39.43472337
            ],
            [
              -108.77540651,
              39.4384123
            ],
            [
              -108.76454054,
              39.44067157
            ],
            [
              -108.75333333,
              39.44143238
            ]
          ]
        ]
      },
      "properties": {
        "description": "19NM NW GRAND JUNCTION, CO, Wednesday, July 29, 2026 through Wednesday, August 12, 2026 UTC",
        "notam": "6_9884",
        "dateIssued": "2026-07-29T04:19:25",
        "dateEffective": "2026-07-29T12:00:00",
        "dateExpire": "2026-08-12T04:00:00",
        "upperVal": 12500,
        "lowerVal": 0,
        "facility": "ZDV",
        "type": "HAZARDS"
      }
    },
    {
      "type": "Feature",
      "geometry": {
        "type": "Polygon",
        "coordinates": [
          [
            [
              -106.985,
              37.20788233
            ],
            [
              -106.96688603,
              37.20661334
            ],
            [
              -106.94932422,
              37.20284507
            ],
            [
              -106.93284972,
              37.19669237
            ],
            [
              -106.91796427,
              37.18834273
            ],
            [
              -106.90512076,
              37.17805051
            ],
            [
              -106.89470943,
              37.16612916
            ],
            [
              -106.887046,
              37.15294155
            ],
            [
              -106.88236216,
              37.13888894
            ],
            [
              -106.88079868,
              37.12439865
            ],
            [
              -106.88240128,
              37.10991108
            ],
            [
              -106.88711952,
              37.09586632
            ],
            [
              -106.89480848,
              37.08269074
            ],
            [
              -106.9052334,
              37.07078414
            ],
            [
              -106.91807691,
              37.06050762
            ],
            [
              -106.93294878,
              37.05217273
            ],
            [
              -106.94939774,
              37.04603205
            ],
            [
              -106.96692515,
              37.04227163
            ],
            [
              -106.985,
              37.04100538
            ],
            [
              -107.00307485,
              37.04227163
            ],
            [
              -107.02060226,
              37.04603205
            ],
            [
              -107.03705122,
              37.05217273
            ],
            [
              -107.05192309,
              37.06050762
            ],
            [
              -107.0647666,
              37.07078414
            ],
            [
              -107.07519152,
              37.08269074
            ],
            [
              -107.08288048,
              37.09586632
            ],
            [
              -107.08759872,
              37.10991108
            ],
            [
              -107.08920132,
              37.12439865
            ],
            [
              -107.08763784,
              37.13888894
            ],
            [
              -107.082954,
              37.15294155
            ],
            [
              -107.07529057,
              37.16612916
            ],
            [
              -107.06487924,
              37.17805051
            ],
            [
              -107.05203573,
              37.18834273
            ],
            [
              -107.03715028,
              37.19669237
            ],
            [
              -107.02067578,
              37.20284507
            ],
            [
              -107.00311397,
              37.20661334
            ],
            [
              -106.985,
              37.20788233
            ]
          ]
        ]
      },
      "properties": {
        "description": "8NM S PAGOSA SPRINGS, CO, Wednesday, July 29, 2026 through Wednesday, August 12, 2026 UTC",
        "notam": "6_9885",
        "dateIssued": "2026-07-29T04:19:35",
        "dateEffective": "2026-07-29T12:00:00",
        "dateExpire": "2026-08-12T04:00:00",
        "upperVal": 15000,
        "lowerVal": 0,
        "facility": "ZDV",
        "type": "HAZARDS"
      }
    },
    {
      "type": "Feature",
      "geometry": {
        "type": "Polygon",
        "coordinates": [
          [
            [
              -114.325,
              47.00833333
            ],
            [
              -114.225,
              46.975
            ],
            [
              -114.21388889,
              46.95833333
            ],
            [
              -114.28333333,
              46.89166667
            ],
            [
              -114.28333333,
              46.96666667
            ],
            [
              -114.325,
              47.00833333
            ]
          ]
        ]
      },
      "properties": {
        "description": "10NM NW MISSOULA, MT, Wednesday, July 29, 2026 through Wednesday, August 12, 2026 UTC",
        "notam": "6_9882",
        "dateIssued": "2026-07-29T02:59:25",
        "dateEffective": "2026-07-29T02:39:00",
        "dateExpire": "2026-08-12T04:00:00",
        "upperVal": 6000,
        "lowerVal": 0,
        "facility": "ZLC",
        "type": "HAZARDS"
      }
    },
    {
      "type": "Feature",
      "geometry": {
        "type": "Polygon",
        "coordinates": [
          [
            [
              -114.43333333,
              47.00833333
            ],
            [
              -114.325,
              47.00833333
            ],
            [
              -114.28333333,
              46.96666667
            ],
            [
              -114.28333333,
              46.89166667
            ],
            [
              -114.375,
              46.91666667
            ],
            [
              -114.43333333,
              47.00833333
            ]
          ]
        ]
      },
      "properties": {
        "description": "13NM NW MISSOULA, MT, Wednesday, July 29, 2026 through Wednesday, August 12, 2026 UTC",
        "notam": "6_9883",
        "dateIssued": "2026-07-29T02:59:30",
        "dateEffective": "2026-07-29T02:41:00",
        "dateExpire": "2026-08-12T04:00:00",
        "upperVal": 11000,
        "lowerVal": 0,
        "facility": "ZLC",
        "type": "HAZARDS"
      }
    },
    {
      "type": "Feature",
      "geometry": {
        "type": "Polygon",
        "coordinates": [
          [
            [
              -118.33333333,
              37.04177356
            ],
            [
              -118.3152589,
              37.04050455
            ],
            [
              -118.29773541,
              37.0367362
            ],
            [
              -118.28129685,
              37.03058336
            ],
            [
              -118.26644383,
              37.02223353
            ],
            [
              -118.25362827,
              37.01194107
            ],
            [
              -118.24323956,
              37.00001943
            ],
            [
              -118.23559273,
              36.98683149
            ],
            [
              -118.23091898,
              36.9727785
            ],
            [
              -118.22935878,
              36.95828781
            ],
            [
              -118.23095778,
              36.94379984
            ],
            [
              -118.23566565,
              36.92975465
            ],
            [
              -118.2433378,
              36.91657867
            ],
            [
              -118.25373999,
              36.90467169
            ],
            [
              -118.26655555,
              36.89439483
            ],
            [
              -118.28139509,
              36.88605966
            ],
            [
              -118.29780833,
              36.87991878
            ],
            [
              -118.3152977,
              36.87615823
            ],
            [
              -118.33333333,
              36.87489193
            ],
            [
              -118.35136897,
              36.87615823
            ],
            [
              -118.36885834,
              36.87991878
            ],
            [
              -118.38527158,
              36.88605966
            ],
            [
              -118.40011112,
              36.89439483
            ],
            [
              -118.41292668,
              36.90467169
            ],
            [
              -118.42332887,
              36.91657867
            ],
            [
              -118.43100102,
              36.92975465
            ],
            [
              -118.43570889,
              36.94379984
            ],
            [
              -118.43730789,
              36.95828781
            ],
            [
              -118.43574769,
              36.9727785
            ],
            [
              -118.43107394,
              36.98683149
            ],
            [
              -118.42342711,
              37.00001943
            ],
            [
              -118.41303839,
              37.01194107
            ],
            [
              -118.40022284,
              37.02223353
            ],
            [
              -118.38536982,
              37.03058336
            ],
            [
              -118.36893126,
              37.0367362
            ],
            [
              -118.35140776,
              37.04050455
            ],
            [
              -118.33333333,
              37.04177356
            ]
          ]
        ]
      },
      "properties": {
        "description": "25NM S BISHOP, CA, Wednesday, July 29, 2026 through Wednesday, August 12, 2026 UTC",
        "notam": "6_9881",
        "dateIssued": "2026-07-29T02:18:21",
        "dateEffective": "2026-07-29T02:10:00",
        "dateExpire": "2026-08-12T04:00:00",
        "upperVal": 13500,
        "lowerVal": 0,
        "facility": "ZLA",
        "type": "HAZARDS"
      }
    },
    {
      "type": "Feature",
      "geometry": {
        "type": "Polygon",
        "coordinates": [
          [
            [
              -116.75,
              48.99166667
            ],
            [
              -116.46666667,
              48.99166667
            ],
            [
              -116.46666667,
              48.825
            ],
            [
              -116.75,
              48.825
            ],
            [
              -116.75,
              48.99166667
            ]
          ]
        ]
      },
      "properties": {
        "description": "38NM N SANDPOINT, ID, Wednesday, July 29, 2026 through Wednesday, August 12, 2026 UTC",
        "notam": "6_9877",
        "dateIssued": "2026-07-29T01:46:47",
        "dateEffective": "2026-07-29T01:38:00",
        "dateExpire": "2026-08-12T04:00:00",
        "upperVal": 10000,
        "lowerVal": 0,
        "facility": "ZSE",
        "type": "HAZARDS"
      }
    },
    {
      "type": "Feature",
      "geometry": {
        "type": "Polygon",
        "coordinates": [
          [
            [
              -112.45833333,
              38.85844718
            ],
            [
              -112.43239842,
              38.85667017
            ],
            [
              -112.4072553,
              38.85139337
            ],
            [
              -112.38367124,
              38.84277787
            ],
            [
              -112.36236529,
              38.83108657
            ],
            [
              -112.3439861,
              38.81667611
            ],
            [
              -112.3290921,
              38.7999858
            ],
            [
              -112.31813453,
              38.78152417
            ],
            [
              -112.31144384,
              38.76185329
            ],
            [
              -112.30922003,
              38.74157157
            ],
            [
              -112.3115269,
              38.72129551
            ],
            [
              -112.31829063,
              38.70164094
            ],
            [
              -112.32930242,
              38.68320429
            ],
            [
              -112.34422527,
              38.66654464
            ],
            [
              -112.36260446,
              38.6521668
            ],
            [
              -112.38388157,
              38.64050616
            ],
            [
              -112.40741141,
              38.63191565
            ],
            [
              -112.43248149,
              38.62665516
            ],
            [
              -112.45833333,
              38.62488381
            ],
            [
              -112.48418518,
              38.62665516
            ],
            [
              -112.50925526,
              38.63191565
            ],
            [
              -112.5327851,
              38.64050616
            ],
            [
              -112.55406221,
              38.6521668
            ],
            [
              -112.5724414,
              38.66654464
            ],
            [
              -112.58736424,
              38.68320429
            ],
            [
              -112.59837603,
              38.70164094
            ],
            [
              -112.60513976,
              38.72129551
            ],
            [
              -112.60744664,
              38.74157157
            ],
            [
              -112.60522283,
              38.76185329
            ],
            [
              -112.59853214,
              38.78152417
            ],
            [
              -112.58757456,
              38.7999858
            ],
            [
              -112.57268057,
              38.81667611
            ],
            [
              -112.55430138,
              38.83108657
            ],
            [
              -112.53299542,
              38.84277787
            ],
            [
              -112.50941136,
              38.85139337
            ],
            [
              -112.48426824,
              38.85667017
            ],
            [
              -112.45833333,
              38.85844718
            ]
          ]
        ]
      },
      "properties": {
        "description": "20NM W RICHFIELD, UT, Wednesday, July 29, 2026 through Monday, August 3, 2026 UTC",
        "notam": "6_9875",
        "dateIssued": "2026-07-29T01:37:37",
        "dateEffective": "2026-07-29T12:00:00",
        "dateExpire": "2026-08-03T04:00:00",
        "upperVal": 11500,
        "lowerVal": 0,
        "facility": "ZLC",
        "type": "HAZARDS"
      }
    },
    {
      "type": "Feature",
      "geometry": {
        "type": "Polygon",
        "coordinates": [
          [
            [
              -121.6,
              44.31666667
            ],
            [
              -121.56666667,
              44.51666667
            ],
            [
              -121.36666667,
              44.51666667
            ],
            [
              -121.36666667,
              44.31666667
            ],
            [
              -121.6,
              44.31666667
            ]
          ]
        ]
      },
      "properties": {
        "description": "17NM NW REDMOND, OR, Wednesday, July 29, 2026 through Wednesday, August 12, 2026 UTC",
        "notam": "6_9852",
        "dateIssued": "2026-07-29T00:15:34",
        "dateEffective": "2026-07-29T00:30:00",
        "dateExpire": "2026-08-12T04:00:00",
        "upperVal": 9000,
        "lowerVal": 0,
        "facility": "ZSE",
        "type": "HAZARDS"
      }
    },
    {
      "type": "Feature",
      "geometry": {
        "type": "Polygon",
        "coordinates": [
          [
            [
              -104.85,
              36.45016162
            ],
            [
              -104.82488946,
              36.44838411
            ],
            [
              -104.80054523,
              36.44310585
            ],
            [
              -104.77770994,
              36.43448788
            ],
            [
              -104.75707962,
              36.42279309
            ],
            [
              -104.73928224,
              36.40837811
            ],
            [
              -104.72485857,
              36.39168227
            ],
            [
              -104.71424567,
              36.37321414
            ],
            [
              -104.70776384,
              36.35353589
            ],
            [
              -104.70560707,
              36.33324611
            ],
            [
              -104.70783758,
              36.31296153
            ],
            [
              -104.71438426,
              36.29329823
            ],
            [
              -104.72504528,
              36.274853
            ],
            [
              -104.73949457,
              36.25818525
            ],
            [
              -104.75729194,
              36.24380016
            ],
            [
              -104.77789666,
              36.23213346
            ],
            [
              -104.80068381,
              36.22353839
            ],
            [
              -104.8249632,
              36.21827507
            ],
            [
              -104.85,
              36.21650276
            ],
            [
              -104.8750368,
              36.21827507
            ],
            [
              -104.89931619,
              36.22353839
            ],
            [
              -104.92210334,
              36.23213346
            ],
            [
              -104.94270806,
              36.24380016
            ],
            [
              -104.96050543,
              36.25818525
            ],
            [
              -104.97495472,
              36.274853
            ],
            [
              -104.98561574,
              36.29329823
            ],
            [
              -104.99216242,
              36.31296153
            ],
            [
              -104.99439293,
              36.33324611
            ],
            [
              -104.99223616,
              36.35353589
            ],
            [
              -104.98575433,
              36.37321414
            ],
            [
              -104.97514143,
              36.39168227
            ],
            [
              -104.96071776,
              36.40837811
            ],
            [
              -104.94292038,
              36.42279309
            ],
            [
              -104.92229006,
              36.43448788
            ],
            [
              -104.89945477,
              36.44310585
            ],
            [
              -104.87511054,
              36.44838411
            ],
            [
              -104.85,
              36.45016162
            ]
          ]
        ]
      },
      "properties": {
        "description": "11NM S CIMARRON, NM, Wednesday, July 29, 2026 through Tuesday, August 11, 2026 UTC",
        "notam": "6_9841",
        "dateIssued": "2026-07-28T22:40:56",
        "dateEffective": "2026-07-29T14:00:00",
        "dateExpire": "2026-08-11T03:00:00",
        "upperVal": 11500,
        "lowerVal": 0,
        "facility": "ZAB",
        "type": "HAZARDS"
      }
    },
    {
      "type": "Feature",
      "geometry": {
        "type": "Polygon",
        "coordinates": [
          [
            [
              -86.17944444,
              33.50390442
            ],
            [
              -86.17771391,
              33.50377757
            ],
            [
              -86.17603598,
              33.50340087
            ],
            [
              -86.17446164,
              33.50278578
            ],
            [
              -86.17303873,
              33.50195099
            ],
            [
              -86.1718105,
              33.50092187
            ],
            [
              -86.17081427,
              33.49972969
            ],
            [
              -86.1700803,
              33.49841068
            ],
            [
              -86.16963089,
              33.49700494
            ],
            [
              -86.16947966,
              33.49555516
            ],
            [
              -86.16963121,
              33.49410541
            ],
            [
              -86.17008092,
              33.49269973
            ],
            [
              -86.1708151,
              33.49138083
            ],
            [
              -86.17181145,
              33.49018878
            ],
            [
              -86.17303967,
              33.48915979
            ],
            [
              -86.17446246,
              33.48832513
            ],
            [
              -86.17603659,
              33.48771015
            ],
            [
              -86.17771424,
              33.48733352
            ],
            [
              -86.17944444,
              33.48720669
            ],
            [
              -86.18117464,
              33.48733352
            ],
            [
              -86.18285229,
              33.48771015
            ],
            [
              -86.18442642,
              33.48832513
            ],
            [
              -86.18584921,
              33.48915979
            ],
            [
              -86.18707743,
              33.49018878
            ],
            [
              -86.18807378,
              33.49138083
            ],
            [
              -86.18880796,
              33.49269973
            ],
            [
              -86.18925767,
              33.49410541
            ],
            [
              -86.18940922,
              33.49555516
            ],
            [
              -86.18925799,
              33.49700494
            ],
            [
              -86.18880858,
              33.49841068
            ],
            [
              -86.18807461,
              33.49972969
            ],
            [
              -86.18707838,
              33.50092187
            ],
            [
              -86.18585015,
              33.50195099
            ],
            [
              -86.18442724,
              33.50278578
            ],
            [
              -86.1828529,
              33.50340087
            ],
            [
              -86.18117497,
              33.50377757
            ],
            [
              -86.17944444,
              33.50390442
            ]
          ]
        ]
      },
      "properties": {
        "description": "Pell City, AL, Wednesday, July 29, 2026 through Saturday, August 1, 2026 Local",
        "notam": "6_9807",
        "dateIssued": "2026-07-28T21:32:41",
        "dateEffective": "2026-07-29T12:00:00",
        "dateExpire": "2026-08-01T23:59:00",
        "upperVal": 400,
        "lowerVal": 0,
        "facility": "ZTL",
        "type": "SECURITY"
      }
    },
    {
      "type": "Feature",
      "geometry": {
        "type": "Polygon",
        "coordinates": [
          [
            [
              -120.16666667,
              44.95
            ],
            [
              -119.93333333,
              44.78333333
            ],
            [
              -119.925,
              44.70833333
            ],
            [
              -120.15416667,
              44.57083333
            ],
            [
              -120.15,
              44.36666667
            ],
            [
              -120.37916667,
              44.36666667
            ],
            [
              -120.37916667,
              44.74305556
            ],
            [
              -120.61333333,
              44.69861111
            ],
            [
              -120.37916667,
              44.84166667
            ],
            [
              -120.16666667,
              44.95
            ]
          ]
        ]
      },
      "properties": {
        "description": "4NM S FOSSIL, OR, Tuesday, July 28, 2026 through Tuesday, August 11, 2026 UTC",
        "notam": "6_9804",
        "dateIssued": "2026-07-28T21:19:38",
        "dateEffective": "2026-07-28T22:00:00",
        "dateExpire": "2026-08-11T04:00:00",
        "upperVal": 8000,
        "lowerVal": 0,
        "facility": "ZSE",
        "type": "HAZARDS"
      }
    },
    {
      "type": "Feature",
      "geometry": {
        "type": "Polygon",
        "coordinates": [
          [
            [
              -88.43444444,
              44.24388988
            ],
            [
              -88.42639221,
              44.24338318
            ],
            [
              -88.41858505,
              44.24187848
            ],
            [
              -88.41126053,
              44.23942159
            ],
            [
              -88.40464146,
              44.23608726
            ],
            [
              -88.3989291,
              44.23197695
            ],
            [
              -88.39429702,
              44.22721569
            ],
            [
              -88.39088582,
              44.22194829
            ],
            [
              -88.38879888,
              44.2163349
            ],
            [
              -88.38809926,
              44.21054615
            ],
            [
              -88.38880782,
              44.20475797
            ],
            [
              -88.39090262,
              44.1991462
            ],
            [
              -88.39431965,
              44.19388127
            ],
            [
              -88.39895484,
              44.18912304
            ],
            [
              -88.4046672,
              44.18501596
            ],
            [
              -88.41128316,
              44.18168467
            ],
            [
              -88.41860185,
              44.17923026
            ],
            [
              -88.42640115,
              44.17772718
            ],
            [
              -88.43444444,
              44.17722103
            ],
            [
              -88.44248773,
              44.17772718
            ],
            [
              -88.45028704,
              44.17923026
            ],
            [
              -88.45760572,
              44.18168467
            ],
            [
              -88.46422169,
              44.18501596
            ],
            [
              -88.46993405,
              44.18912304
            ],
            [
              -88.47456923,
              44.19388127
            ],
            [
              -88.47798627,
              44.1991462
            ],
            [
              -88.48008107,
              44.20475797
            ],
            [
              -88.48078962,
              44.21054615
            ],
            [
              -88.48009001,
              44.2163349
            ],
            [
              -88.47800307,
              44.22194829
            ],
            [
              -88.47459187,
              44.22721569
            ],
            [
              -88.46995979,
              44.23197695
            ],
            [
              -88.46424743,
              44.23608726
            ],
            [
              -88.45762836,
              44.23942159
            ],
            [
              -88.45030384,
              44.24187848
            ],
            [
              -88.44249667,
              44.24338318
            ],
            [
              -88.43444444,
              44.24388988
            ]
          ]
        ]
      },
      "properties": {
        "description": "0.5NM NE MENASHA, WI, Tuesday, July 28, 2026 through Saturday, August 1, 2026 UTC",
        "notam": "6_9803",
        "dateIssued": "2026-07-28T21:12:13",
        "dateEffective": "2026-07-28T21:15:00",
        "dateExpire": "2026-08-01T23:45:00",
        "upperVal": 200,
        "lowerVal": 0,
        "facility": "ZMP",
        "type": "HAZARDS"
      }
    },
    {
      "type": "Feature",
      "geometry": {
        "type": "Polygon",
        "coordinates": [
          [
            [
              -107.79166667,
              38.25833333
            ],
            [
              -107.65,
              38.34166667
            ],
            [
              -107.45,
              38.34166667
            ],
            [
              -107.25833333,
              38.225
            ],
            [
              -107.26666667,
              38.03333333
            ],
            [
              -107.74166667,
              38.01666667
            ],
            [
              -107.79166667,
              38.25833333
            ]
          ]
        ]
      },
      "properties": {
        "description": "1NM N OURAY, CO, Wednesday, July 29, 2026 through Tuesday, August 11, 2026 UTC",
        "notam": "6_9802",
        "dateIssued": "2026-07-28T21:11:08",
        "dateEffective": "2026-07-29T12:00:00",
        "dateExpire": "2026-08-11T04:00:00",
        "upperVal": 16500,
        "lowerVal": 0,
        "facility": "ZDV",
        "type": "HAZARDS"
      }
    },
    {
      "type": "Feature",
      "geometry": {
        "type": "Polygon",
        "coordinates": [
          [
            [
              -77.67944444,
              43.20585326
            ],
            [
              -77.65768022,
              43.20445828
            ],
            [
              -77.6365802,
              43.2003159
            ],
            [
              -77.61678803,
              43.19355253
            ],
            [
              -77.59890696,
              43.18437448
            ],
            [
              -77.58348132,
              43.17306163
            ],
            [
              -77.57097978,
              43.15995877
            ],
            [
              -77.56178118,
              43.14546502
            ],
            [
              -77.55616313,
              43.13002159
            ],
            [
              -77.55429377,
              43.11409823
            ],
            [
              -77.55622703,
              43.09817896
            ],
            [
              -77.56190128,
              43.08274728
            ],
            [
              -77.57114158,
              43.06827155
            ],
            [
              -77.58366531,
              43.05519078
            ],
            [
              -77.59909096,
              43.04390144
            ],
            [
              -77.61694983,
              43.03474548
            ],
            [
              -77.63670029,
              43.02800012
            ],
            [
              -77.65774412,
              43.02386951
            ],
            [
              -77.67944444,
              43.02247861
            ],
            [
              -77.70114476,
              43.02386951
            ],
            [
              -77.72218859,
              43.02800012
            ],
            [
              -77.74193905,
              43.03474548
            ],
            [
              -77.75979792,
              43.04390144
            ],
            [
              -77.77522357,
              43.05519078
            ],
            [
              -77.7877473,
              43.06827155
            ],
            [
              -77.7969876,
              43.08274728
            ],
            [
              -77.80266185,
              43.09817896
            ],
            [
              -77.80459511,
              43.11409823
            ],
            [
              -77.80272575,
              43.13002159
            ],
            [
              -77.7971077,
              43.14546502
            ],
            [
              -77.7879091,
              43.15995877
            ],
            [
              -77.77540756,
              43.17306163
            ],
            [
              -77.75998192,
              43.18437448
            ],
            [
              -77.74210085,
              43.19355253
            ],
            [
              -77.72230868,
              43.2003159
            ],
            [
              -77.70120866,
              43.20445828
            ],
            [
              -77.67944444,
              43.20585326
            ]
          ]
        ]
      },
      "properties": {
        "description": "Rochester, NY, Tuesday, August 4, 2026 UTC",
        "notam": "6_9616",
        "dateIssued": "2026-07-28T19:31:35",
        "dateEffective": "2026-08-04T16:30:00",
        "dateExpire": "2026-08-04T18:30:00",
        "upperVal": 16000,
        "lowerVal": 0,
        "facility": "ZOB",
        "type": "AIR SHOWS/SPORTS"
      }
    },
    {
      "type": "Feature",
      "geometry": {
        "type": "Polygon",
        "coordinates": [
          [
            [
              -117.025,
              34.15008806
            ],
            [
              -117.0145385,
              34.14932666
            ],
            [
              -117.00439541,
              34.14706566
            ],
            [
              -116.99487942,
              34.14337386
            ],
            [
              -116.98628001,
              34.13836361
            ],
            [
              -116.97885867,
              34.13218737
            ],
            [
              -116.97284089,
              34.12503301
            ],
            [
              -116.96840931,
              34.11711814
            ],
            [
              -116.96569825,
              34.10868342
            ],
            [
              -116.96478959,
              34.09998525
            ],
            [
              -116.96571038,
              34.09128795
            ],
            [
              -116.96843212,
              34.08285576
            ],
            [
              -116.97287161,
              34.07494476
            ],
            [
              -116.9788936,
              34.06779515
            ],
            [
              -116.98631494,
              34.06162395
            ],
            [
              -116.99491014,
              34.05661845
            ],
            [
              -117.00441821,
              34.05293053
            ],
            [
              -117.01455063,
              34.05067205
            ],
            [
              -117.025,
              34.04991153
            ],
            [
              -117.03544937,
              34.05067205
            ],
            [
              -117.04558179,
              34.05293053
            ],
            [
              -117.05508986,
              34.05661845
            ],
            [
              -117.06368506,
              34.06162395
            ],
            [
              -117.0711064,
              34.06779515
            ],
            [
              -117.07712839,
              34.07494476
            ],
            [
              -117.08156788,
              34.08285576
            ],
            [
              -117.08428962,
              34.09128795
            ],
            [
              -117.08521041,
              34.09998525
            ],
            [
              -117.08430175,
              34.10868342
            ],
            [
              -117.08159069,
              34.11711814
            ],
            [
              -117.07715911,
              34.12503301
            ],
            [
              -117.07114133,
              34.13218737
            ],
            [
              -117.06371999,
              34.13836361
            ],
            [
              -117.05512058,
              34.14337386
            ],
            [
              -117.04560459,
              34.14706566
            ],
            [
              -117.0354615,
              34.14932666
            ],
            [
              -117.025,
              34.15008806
            ]
          ]
        ]
      },
      "properties": {
        "description": "YUCAIPA, CA, Tuesday, July 28, 2026 through Sunday, August 2, 2026 UTC",
        "notam": "6_9567",
        "dateIssued": "2026-07-28T17:18:39",
        "dateEffective": "2026-07-28T16:27:00",
        "dateExpire": "2026-08-02T04:00:00",
        "upperVal": 8500,
        "lowerVal": 0,
        "facility": "ZLA",
        "type": "HAZARDS"
      }
    },
    {
      "type": "Feature",
      "geometry": {
        "type": "Polygon",
        "coordinates": [
          [
            [
              -120.75,
              45.125
            ],
            [
              -120.5,
              45.125
            ],
            [
              -120.40416667,
              44.84166667
            ],
            [
              -120.75,
              44.85
            ],
            [
              -120.75,
              45.125
            ]
          ]
        ]
      },
      "properties": {
        "description": "32NM NE MADRAS, OR, Tuesday, July 28, 2026 through Tuesday, August 11, 2026 UTC",
        "notam": "6_9561",
        "dateIssued": "2026-07-28T16:21:36",
        "dateEffective": "2026-07-28T16:45:00",
        "dateExpire": "2026-08-11T04:00:00",
        "upperVal": 8000,
        "lowerVal": 0,
        "facility": "ZSE",
        "type": "HAZARDS"
      }
    },
    {
      "type": "Feature",
      "geometry": {
        "type": "Polygon",
        "coordinates": [
          [
            [
              -92.07492876,
              47.63577472
            ],
            [
              -92.07491805,
              47.62420475
            ],
            [
              -92.06905587,
              47.61333484
            ],
            [
              -92.05805214,
              47.60447525
            ],
            [
              -92.04323469,
              47.59869337
            ],
            [
              -92.02638889,
              47.59668549
            ],
            [
              -92.00954309,
              47.59869337
            ],
            [
              -92.00857013,
              47.59907303
            ],
            [
              -92.00850384,
              47.59895805
            ],
            [
              -91.884326,
              47.631736
            ],
            [
              -91.88439233,
              47.63185098
            ],
            [
              -91.87053918,
              47.63725317
            ],
            [
              -91.86417345,
              47.64237525
            ],
            [
              -91.86360144,
              47.64206875
            ],
            [
              -91.79411332,
              47.70123562
            ],
            [
              -91.79468598,
              47.70154212
            ],
            [
              -91.79003582,
              47.70527952
            ],
            [
              -91.78416331,
              47.71614925
            ],
            [
              -91.78415254,
              47.72771903
            ],
            [
              -91.79000856,
              47.73859339
            ],
            [
              -91.80102791,
              47.7474599
            ],
            [
              -91.81588216,
              47.75324791
            ],
            [
              -91.83277778,
              47.75525822
            ],
            [
              -91.8496734,
              47.75324791
            ],
            [
              -91.86452764,
              47.7474599
            ],
            [
              -91.87089923,
              47.74233313
            ],
            [
              -91.87147289,
              47.74264016
            ],
            [
              -91.93260034,
              47.69052692
            ],
            [
              -92.04429513,
              47.66103899
            ],
            [
              -92.04422873,
              47.66092382
            ],
            [
              -92.05808298,
              47.65551588
            ],
            [
              -92.069083,
              47.64664924
            ],
            [
              -92.07492876,
              47.63577472
            ]
          ]
        ]
      },
      "properties": {
        "description": "BABBITT, MN, Thursday, July 30, 2026 UTC",
        "notam": "6_9419",
        "dateIssued": "2026-07-28T13:12:21",
        "dateEffective": "2026-07-30T14:00:00",
        "dateExpire": "2026-07-30T17:00:00",
        "upperVal": 5500,
        "lowerVal": 0,
        "facility": "ZMP",
        "type": "HAZARDS"
      }
    },
    {
      "type": "Feature",
      "geometry": {
        "type": "Polygon",
        "coordinates": [
          [
            [
              -121.15,
              39.40004384
            ],
            [
              -121.13879942,
              39.39928303
            ],
            [
              -121.12793988,
              39.39702375
            ],
            [
              -121.11775195,
              39.3933348
            ],
            [
              -121.10854567,
              39.38832847
            ],
            [
              -121.100601,
              39.38215713
            ],
            [
              -121.09415934,
              39.37500858
            ],
            [
              -121.08941617,
              39.36710029
            ],
            [
              -121.08651514,
              39.35867274
            ],
            [
              -121.08554376,
              39.34998215
            ],
            [
              -121.08653086,
              39.34129263
            ],
            [
              -121.08944572,
              39.33286814
            ],
            [
              -121.09419916,
              39.32496454
            ],
            [
              -121.10064628,
              39.31782174
            ],
            [
              -121.10859095,
              39.31165653
            ],
            [
              -121.11779177,
              39.30665595
            ],
            [
              -121.12796943,
              39.30297169
            ],
            [
              -121.13881514,
              39.30071548
            ],
            [
              -121.15,
              39.29995572
            ],
            [
              -121.16118486,
              39.30071548
            ],
            [
              -121.17203057,
              39.30297169
            ],
            [
              -121.18220823,
              39.30665595
            ],
            [
              -121.19140905,
              39.31165653
            ],
            [
              -121.19935372,
              39.31782174
            ],
            [
              -121.20580084,
              39.32496454
            ],
            [
              -121.21055428,
              39.33286814
            ],
            [
              -121.21346914,
              39.34129263
            ],
            [
              -121.21445624,
              39.34998215
            ],
            [
              -121.21348486,
              39.35867274
            ],
            [
              -121.21058383,
              39.36710029
            ],
            [
              -121.20584066,
              39.37500858
            ],
            [
              -121.199399,
              39.38215713
            ],
            [
              -121.19145433,
              39.38832847
            ],
            [
              -121.18224805,
              39.3933348
            ],
            [
              -121.17206012,
              39.39702375
            ],
            [
              -121.16120058,
              39.39928303
            ],
            [
              -121.15,
              39.40004384
            ]
          ]
        ]
      },
      "properties": {
        "description": "9NM NW GRASS VALLEY, CA, Tuesday, July 28, 2026 through Tuesday, August 11, 2026 UTC",
        "notam": "6_9397",
        "dateIssued": "2026-07-28T03:08:22",
        "dateEffective": "2026-07-28T01:03:00",
        "dateExpire": "2026-08-11T04:00:00",
        "upperVal": 5000,
        "lowerVal": 0,
        "facility": "ZOA",
        "type": "HAZARDS"
      }
    },
    {
      "type": "Feature",
      "geometry": {
        "type": "Polygon",
        "coordinates": [
          [
            [
              -120.71666667,
              49.0
            ],
            [
              -120.43333333,
              49.0
            ],
            [
              -120.43333333,
              48.88333333
            ],
            [
              -120.71666667,
              48.88333333
            ],
            [
              -120.71666667,
              49.0
            ]
          ]
        ]
      },
      "properties": {
        "description": "60NM W OROVILLE, WA, Monday, July 27, 2026 through Tuesday, August 11, 2026 UTC",
        "notam": "6_9353",
        "dateIssued": "2026-07-27T21:32:00",
        "dateEffective": "2026-07-27T22:00:00",
        "dateExpire": "2026-08-11T05:00:00",
        "upperVal": 10000,
        "lowerVal": 0,
        "facility": "ZSE",
        "type": "HAZARDS"
      }
    },
    {
      "type": "Feature",
      "geometry": {
        "type": "Polygon",
        "coordinates": [
          [
            [
              -120.95833333,
              44.63333333
            ],
            [
              -120.37916667,
              44.74305556
            ],
            [
              -120.37916667,
              44.36666667
            ],
            [
              -120.775,
              44.36666667
            ],
            [
              -120.94166667,
              44.39166667
            ],
            [
              -120.95833333,
              44.63333333
            ]
          ]
        ]
      },
      "properties": {
        "description": "20NM SE MADRAS, OR, Monday, July 27, 2026 through Tuesday, August 11, 2026 UTC",
        "notam": "6_9350",
        "dateIssued": "2026-07-27T21:23:46",
        "dateEffective": "2026-07-27T22:00:00",
        "dateExpire": "2026-08-11T22:00:00",
        "upperVal": 9000,
        "lowerVal": 0,
        "facility": "ZSE",
        "type": "HAZARDS"
      }
    },
    {
      "type": "Feature",
      "geometry": {
        "type": "Polygon",
        "coordinates": [
          [
            [
              -117.41666667,
              44.80833333
            ],
            [
              -117.06666667,
              44.73333333
            ],
            [
              -117.175,
              44.55833333
            ],
            [
              -117.23333333,
              44.48333333
            ],
            [
              -117.23333333,
              44.36666667
            ],
            [
              -117.28333333,
              44.35833333
            ],
            [
              -117.525,
              44.65833333
            ],
            [
              -117.41666667,
              44.80833333
            ]
          ]
        ]
      },
      "properties": {
        "description": "24NM E BAKER CITY, OR, Monday, July 27, 2026 through Monday, August 10, 2026 UTC",
        "notam": "6_9227",
        "dateIssued": "2026-07-27T18:56:21",
        "dateEffective": "2026-07-27T19:00:00",
        "dateExpire": "2026-08-10T05:00:00",
        "upperVal": 11500,
        "lowerVal": 0,
        "facility": "ZLC",
        "type": "HAZARDS"
      }
    },
    {
      "type": "Feature",
      "geometry": {
        "type": "Polygon",
        "coordinates": [
          [
            [
              -119.03444444,
              41.13320398
            ],
            [
              -119.00560949,
              41.13224852
            ],
            [
              -118.97699647,
              41.12938947
            ],
            [
              -118.94882555,
              41.12464885
            ],
            [
              -118.92131341,
              41.11806313
            ],
            [
              -118.89467146,
              41.10968296
            ],
            [
              -118.86910421,
              41.09957279
            ],
            [
              -118.84480766,
              41.08781034
            ],
            [
              -118.82196777,
              41.07448596
            ],
            [
              -118.80075897,
              41.05970196
            ],
            [
              -118.78134289,
              41.0435718
            ],
            [
              -118.76386704,
              41.02621915
            ],
            [
              -118.74846376,
              41.00777697
            ],
            [
              -118.7352492,
              40.98838647
            ],
            [
              -118.72432249,
              40.96819597
            ],
            [
              -118.71576501,
              40.94735977
            ],
            [
              -118.70963986,
              40.92603699
            ],
            [
              -118.70599139,
              40.90439028
            ],
            [
              -118.70484497,
              40.88258462
            ],
            [
              -118.70620688,
              40.86078603
            ],
            [
              -118.7100643,
              40.83916032
            ],
            [
              -118.71638551,
              40.81787183
            ],
            [
              -118.72512018,
              40.79708217
            ],
            [
              -118.73619986,
              40.77694905
            ],
            [
              -118.74953849,
              40.75762501
            ],
            [
              -118.7650332,
              40.73925637
            ],
            [
              -118.78256504,
              40.7219821
            ],
            [
              -118.80199999,
              40.70593276
            ],
            [
              -118.82318993,
              40.6912296
            ],
            [
              -118.84597384,
              40.6779836
            ],
            [
              -118.87017897,
              40.66629468
            ],
            [
              -118.89562214,
              40.65625098
            ],
            [
              -118.92211113,
              40.64792819
            ],
            [
              -118.94944607,
              40.64138901
            ],
            [
              -118.97742093,
              40.63668268
            ],
            [
              -119.00582499,
              40.63384464
            ],
            [
              -119.03444444,
              40.63289624
            ],
            [
              -119.0630639,
              40.63384464
            ],
            [
              -119.09146796,
              40.63668268
            ],
            [
              -119.11944281,
              40.64138901
            ],
            [
              -119.14677775,
              40.64792819
            ],
            [
              -119.17326674,
              40.65625098
            ],
            [
              -119.19870992,
              40.66629468
            ],
            [
              -119.22291505,
              40.6779836
            ],
            [
              -119.24569896,
              40.6912296
            ],
            [
              -119.2668889,
              40.70593276
            ],
            [
              -119.28632384,
              40.7219821
            ],
            [
              -119.30385569,
              40.73925637
            ],
            [
              -119.31935039,
              40.75762501
            ],
            [
              -119.33268903,
              40.77694905
            ],
            [
              -119.34376871,
              40.79708217
            ],
            [
              -119.35250338,
              40.81787183
            ],
            [
              -119.35882459,
              40.83916032
            ],
            [
              -119.36268201,
              40.86078603
            ],
            [
              -119.36404392,
              40.88258462
            ],
            [
              -119.3628975,
              40.90439028
            ],
            [
              -119.35924903,
              40.92603699
            ],
            [
              -119.35312387,
              40.94735977
            ],
            [
              -119.3445664,
              40.96819597
            ],
            [
              -119.33363969,
              40.98838647
            ],
            [
              -119.32042513,
              41.00777697
            ],
            [
              -119.30502185,
              41.02621915
            ],
            [
              -119.287546,
              41.0435718
            ],
            [
              -119.26812992,
              41.05970196
            ],
            [
              -119.24692112,
              41.07448596
            ],
            [
              -119.22408123,
              41.08781034
            ],
            [
              -119.19978468,
              41.09957279
            ],
            [
              -119.17421743,
              41.10968296
            ],
            [
              -119.14757548,
              41.11806313
            ],
            [
              -119.12006333,
              41.12464885
            ],
            [
              -119.09189242,
              41.12938947
            ],
            [
              -119.0632794,
              41.13224852
            ],
            [
              -119.03444444,
              41.13320398
            ]
          ]
        ]
      },
      "properties": {
        "description": "19 ZLC AIRSPACE BLACK ROCK, NV, Friday, July 31, 2026 through Monday, August 3, 2026 UTC",
        "notam": "6_9119",
        "dateIssued": "2026-07-27T18:12:11",
        "dateEffective": "2026-07-31T14:00:00",
        "dateExpire": "2026-08-03T06:00:00",
        "upperVal": 91000,
        "lowerVal": 0,
        "facility": "ZLC",
        "type": "SPACE OPERATIONS"
      }
    },
    {
      "type": "Feature",
      "geometry": {
        "type": "Polygon",
        "coordinates": [
          [
            [
              -106.35833333,
              36.13345297
            ],
            [
              -106.34046945,
              36.13218381
            ],
            [
              -106.32315003,
              36.12841501
            ],
            [
              -106.30690279,
              36.12226143
            ],
            [
              -106.2922225,
              36.11391057
            ],
            [
              -106.27955578,
              36.10361679
            ],
            [
              -106.26928751,
              36.09169357
            ],
            [
              -106.26172908,
              36.07850381
            ],
            [
              -106.25710907,
              36.06444881
            ],
            [
              -106.25556636,
              36.04995596
            ],
            [
              -106.25714617,
              36.03546572
            ],
            [
              -106.26179881,
              36.02141827
            ],
            [
              -106.26938145,
              36.00824007
            ],
            [
              -106.27966261,
              35.99633103
            ],
            [
              -106.29232933,
              35.98605236
            ],
            [
              -106.30699673,
              35.97771567
            ],
            [
              -106.32321975,
              35.97157366
            ],
            [
              -106.34050655,
              35.96781241
            ],
            [
              -106.35833333,
              35.96654587
            ],
            [
              -106.37616012,
              35.96781241
            ],
            [
              -106.39344691,
              35.97157366
            ],
            [
              -106.40966993,
              35.97771567
            ],
            [
              -106.42433734,
              35.98605236
            ],
            [
              -106.43700406,
              35.99633103
            ],
            [
              -106.44728522,
              36.00824007
            ],
            [
              -106.45486786,
              36.02141827
            ],
            [
              -106.4595205,
              36.03546572
            ],
            [
              -106.4611003,
              36.04995596
            ],
            [
              -106.4595576,
              36.06444881
            ],
            [
              -106.45493759,
              36.07850381
            ],
            [
              -106.44737916,
              36.09169357
            ],
            [
              -106.43711088,
              36.10361679
            ],
            [
              -106.42444417,
              36.11391057
            ],
            [
              -106.40976387,
              36.12226143
            ],
            [
              -106.39351664,
              36.12841501
            ],
            [
              -106.37619722,
              36.13218381
            ],
            [
              -106.35833333,
              36.13345297
            ]
          ]
        ]
      },
      "properties": {
        "description": "14NM N LOS ALAMOS, NM, Tuesday, July 28, 2026 through Monday, August 10, 2026 UTC",
        "notam": "6_9111",
        "dateIssued": "2026-07-27T18:08:35",
        "dateEffective": "2026-07-28T14:00:00",
        "dateExpire": "2026-08-10T03:00:00",
        "upperVal": 14500,
        "lowerVal": 0,
        "facility": "ZAB",
        "type": "HAZARDS"
      }
    },
    {
      "type": "Feature",
      "geometry": {
        "type": "Polygon",
        "coordinates": [
          [
            [
              -90.19333333,
              38.63056393
            ],
            [
              -90.19148667,
              38.63043719
            ],
            [
              -90.18969614,
              38.63006081
            ],
            [
              -90.18801616,
              38.62944624
            ],
            [
              -90.18649779,
              38.62861214
            ],
            [
              -90.18518717,
              38.62758389
            ],
            [
              -90.18412412,
              38.62639272
            ],
            [
              -90.18334093,
              38.62507483
            ],
            [
              -90.18286139,
              38.62367028
            ],
            [
              -90.18270006,
              38.62222174
            ],
            [
              -90.18286181,
              38.62077323
            ],
            [
              -90.18334172,
              38.61936876
            ],
            [
              -90.18412518,
              38.618051
            ],
            [
              -90.18518838,
              38.61685998
            ],
            [
              -90.186499,
              38.61583189
            ],
            [
              -90.18801723,
              38.61499795
            ],
            [
              -90.18969693,
              38.61438351
            ],
            [
              -90.19148709,
              38.61400721
            ],
            [
              -90.19333333,
              38.6138805
            ],
            [
              -90.19517957,
              38.61400721
            ],
            [
              -90.19696973,
              38.61438351
            ],
            [
              -90.19864943,
              38.61499795
            ],
            [
              -90.20016766,
              38.61583189
            ],
            [
              -90.20147828,
              38.61685998
            ],
            [
              -90.20254148,
              38.618051
            ],
            [
              -90.20332494,
              38.61936876
            ],
            [
              -90.20380485,
              38.62077323
            ],
            [
              -90.2039666,
              38.62222174
            ],
            [
              -90.20380527,
              38.62367028
            ],
            [
              -90.20332573,
              38.62507483
            ],
            [
              -90.20254254,
              38.62639272
            ],
            [
              -90.20147949,
              38.62758389
            ],
            [
              -90.20016887,
              38.62861214
            ],
            [
              -90.1986505,
              38.62944624
            ],
            [
              -90.19697052,
              38.63006081
            ],
            [
              -90.19517999,
              38.63043719
            ],
            [
              -90.19333333,
              38.63056393
            ]
          ]
        ]
      },
      "properties": {
        "description": "st louis, MO, Sunday, August 2, 2026 through Monday, August 3, 2026 UTC",
        "notam": "6_8932",
        "dateIssued": "2026-07-27T14:32:58",
        "dateEffective": "2026-08-02T12:00:00",
        "dateExpire": "2026-08-03T05:00:00",
        "upperVal": 400,
        "lowerVal": 0,
        "facility": "ZKC",
        "type": "UAS PUBLIC GATHERING"
      }
    },
    {
      "type": "Feature",
      "geometry": {
        "type": "Polygon",
        "coordinates": [
          [
            [
              -84.51583333,
              39.14532382
            ],
            [
              -84.50467323,
              39.14456298
            ],
            [
              -84.49385292,
              39.14230361
            ],
            [
              -84.4837018,
              39.13861452
            ],
            [
              -84.47452876,
              39.13360799
            ],
            [
              -84.46661275,
              39.12743642
            ],
            [
              -84.4601943,
              39.12028758
            ],
            [
              -84.4554682,
              39.11237896
            ],
            [
              -84.45257757,
              39.10395106
            ],
            [
              -84.45160963,
              39.09526009
            ],
            [
              -84.45259309,
              39.08657018
            ],
            [
              -84.45549738,
              39.07814531
            ],
            [
              -84.46023362,
              39.07024134
            ],
            [
              -84.46665746,
              39.06309821
            ],
            [
              -84.47457346,
              39.0569327
            ],
            [
              -84.48374112,
              39.05193187
            ],
            [
              -84.4938821,
              39.04824743
            ],
            [
              -84.50468875,
              39.0459911
            ],
            [
              -84.51583333,
              39.04523131
            ],
            [
              -84.52697791,
              39.0459911
            ],
            [
              -84.53778456,
              39.04824743
            ],
            [
              -84.54792554,
              39.05193187
            ],
            [
              -84.5570932,
              39.0569327
            ],
            [
              -84.5650092,
              39.06309821
            ],
            [
              -84.57143304,
              39.07024134
            ],
            [
              -84.57616928,
              39.07814531
            ],
            [
              -84.57907357,
              39.08657018
            ],
            [
              -84.58005703,
              39.09526009
            ],
            [
              -84.57908909,
              39.10395106
            ],
            [
              -84.57619846,
              39.11237896
            ],
            [
              -84.57147236,
              39.12028758
            ],
            [
              -84.56505391,
              39.12743642
            ],
            [
              -84.5571379,
              39.13360799
            ],
            [
              -84.54796486,
              39.13861452
            ],
            [
              -84.53781374,
              39.14230361
            ],
            [
              -84.52699343,
              39.14456298
            ],
            [
              -84.51583333,
              39.14532382
            ]
          ]
        ]
      },
      "properties": {
        "description": "cincinnati, OH, Saturday, August 1, 2026 through Sunday, August 2, 2026 UTC",
        "notam": "6_8931",
        "dateIssued": "2026-07-27T14:31:41",
        "dateEffective": "2026-08-01T21:00:00",
        "dateExpire": "2026-08-02T04:00:00",
        "upperVal": 400,
        "lowerVal": 0,
        "facility": "ZID",
        "type": "UAS PUBLIC GATHERING"
      }
    },
    {
      "type": "Feature",
      "geometry": {
        "type": "Polygon",
        "coordinates": [
          [
            [
              -87.62194444,
              41.90973687
            ],
            [
              -87.61419218,
              41.90922997
            ],
            [
              -87.60667582,
              41.90772473
            ],
            [
              -87.59962407,
              41.90526693
            ],
            [
              -87.59325142,
              41.90193135
            ],
            [
              -87.58775162,
              41.89781949
            ],
            [
              -87.58329179,
              41.8930564
            ],
            [
              -87.5800073,
              41.88778694
            ],
            [
              -87.57799772,
              41.88217131
            ],
            [
              -87.5773238,
              41.87638022
            ],
            [
              -87.57800566,
              41.87058965
            ],
            [
              -87.58002221,
              41.86497551
            ],
            [
              -87.58331188,
              41.85970833
            ],
            [
              -87.58777447,
              41.85494804
            ],
            [
              -87.59327426,
              41.85083915
            ],
            [
              -87.59964416,
              41.84750637
            ],
            [
              -87.60669073,
              41.84505085
            ],
            [
              -87.61420011,
              41.84354709
            ],
            [
              -87.62194444,
              41.84304072
            ],
            [
              -87.62968877,
              41.84354709
            ],
            [
              -87.63719815,
              41.84505085
            ],
            [
              -87.64424472,
              41.84750637
            ],
            [
              -87.65061462,
              41.85083915
            ],
            [
              -87.65611441,
              41.85494804
            ],
            [
              -87.660577,
              41.85970833
            ],
            [
              -87.66386667,
              41.86497551
            ],
            [
              -87.66588322,
              41.87058965
            ],
            [
              -87.66656508,
              41.87638022
            ],
            [
              -87.66589116,
              41.88217131
            ],
            [
              -87.66388158,
              41.88778694
            ],
            [
              -87.66059709,
              41.8930564
            ],
            [
              -87.65613726,
              41.89781949
            ],
            [
              -87.65063746,
              41.90193135
            ],
            [
              -87.64426481,
              41.90526693
            ],
            [
              -87.63721306,
              41.90772473
            ],
            [
              -87.6296967,
              41.90922997
            ],
            [
              -87.62194444,
              41.90973687
            ]
          ]
        ]
      },
      "properties": {
        "description": "Chicago, IL, Thursday, July 30, 2026 through Monday, August 3, 2026 UTC",
        "notam": "6_8930",
        "dateIssued": "2026-07-27T14:27:06",
        "dateEffective": "2026-07-30T16:00:00",
        "dateExpire": "2026-08-03T03:00:00",
        "upperVal": 400,
        "lowerVal": 0,
        "facility": "ZAU",
        "type": "UAS PUBLIC GATHERING"
      }
    },
    {
      "type": "Feature",
      "geometry": {
        "type": "Polygon",
        "coordinates": [
          [
            [
              -118.33861111,
              33.97002979
            ],
            [
              -118.33513129,
              33.96977609
            ],
            [
              -118.33175726,
              33.96902268
            ],
            [
              -118.3285916,
              33.96779248
            ],
            [
              -118.32573052,
              33.96612289
            ],
            [
              -118.32326099,
              33.96406466
            ],
            [
              -118.32125804,
              33.96168034
            ],
            [
              -118.31978251,
              33.95904242
            ],
            [
              -118.31887919,
              33.95623106
            ],
            [
              -118.31857547,
              33.9533317
            ],
            [
              -118.31888052,
              33.95043243
            ],
            [
              -118.31978503,
              33.94762135
            ],
            [
              -118.32126143,
              33.94498386
            ],
            [
              -118.32326485,
              33.94260007
            ],
            [
              -118.32573437,
              33.94054239
            ],
            [
              -118.32859498,
              33.93887333
            ],
            [
              -118.33175977,
              33.93764355
            ],
            [
              -118.33513263,
              33.93689043
            ],
            [
              -118.33861111,
              33.93663682
            ],
            [
              -118.34208959,
              33.93689043
            ],
            [
              -118.34546245,
              33.93764355
            ],
            [
              -118.34862724,
              33.93887333
            ],
            [
              -118.35148785,
              33.94054239
            ],
            [
              -118.35395737,
              33.94260007
            ],
            [
              -118.35596079,
              33.94498386
            ],
            [
              -118.35743719,
              33.94762135
            ],
            [
              -118.3583417,
              33.95043243
            ],
            [
              -118.35864675,
              33.9533317
            ],
            [
              -118.35834303,
              33.95623106
            ],
            [
              -118.35743971,
              33.95904242
            ],
            [
              -118.35596418,
              33.96168034
            ],
            [
              -118.35396123,
              33.96406466
            ],
            [
              -118.3514917,
              33.96612289
            ],
            [
              -118.34863062,
              33.96779248
            ],
            [
              -118.34546496,
              33.96902268
            ],
            [
              -118.34209093,
              33.96977609
            ],
            [
              -118.33861111,
              33.97002979
            ]
          ]
        ]
      },
      "properties": {
        "description": "Inglewood, CA, Saturday, August 1, 2026 through Sunday, August 2, 2026 Local",
        "notam": "6_8927",
        "dateIssued": "2026-07-27T13:55:00",
        "dateEffective": "2026-08-01T20:00:00",
        "dateExpire": "2026-08-03T06:00:00",
        "upperVal": 400,
        "lowerVal": 0,
        "facility": "ZLA",
        "type": "SECURITY"
      }
    },
    {
      "type": "Feature",
      "geometry": {
        "type": "Polygon",
        "coordinates": [
          [
            [
              -75.38055556,
              40.62694444
            ],
            [
              -75.39166667,
              40.62055556
            ],
            [
              -75.3725,
              40.60555556
            ],
            [
              -75.36194444,
              40.61416667
            ],
            [
              -75.38055556,
              40.62694444
            ]
          ]
        ]
      },
      "properties": {
        "description": "Bethlehem, PA, Thursday, July 30, 2026 through Sunday, August 9, 2026 Local",
        "notam": "6_8923",
        "dateIssued": "2026-07-27T13:30:23",
        "dateEffective": "2026-07-30T21:00:00",
        "dateExpire": "2026-08-10T03:59:00",
        "upperVal": 400,
        "lowerVal": 0,
        "facility": "ZNY",
        "type": "SECURITY"
      }
    },
    {
      "type": "Feature",
      "geometry": {
        "type": "Polygon",
        "coordinates": [
          [
            [
              -75.38055556,
              40.62694444
            ],
            [
              -75.39166667,
              40.62055556
            ],
            [
              -75.3725,
              40.60555556
            ],
            [
              -75.36194444,
              40.61416667
            ],
            [
              -75.38055556,
              40.62694444
            ]
          ]
        ]
      },
      "properties": {
        "description": "Bethlehem, PA, Thursday, July 30, 2026 through Sunday, August 9, 2026 Local",
        "notam": "6_8923",
        "dateIssued": "2026-07-27T13:30:23",
        "dateEffective": "2026-07-30T21:00:00",
        "dateExpire": "2026-08-10T03:59:00",
        "upperVal": 400,
        "lowerVal": 0,
        "facility": "ZNY",
        "type": "SECURITY"
      }
    },
    {
      "type": "Feature",
      "geometry": {
        "type": "Polygon",
        "coordinates": [
          [
            [
              -83.12611111,
              42.43250288
            ],
            [
              -83.12415701,
              42.43237622
            ],
            [
              -83.1222623,
              42.43200008
            ],
            [
              -83.12048459,
              42.43138591
            ],
            [
              -83.11887789,
              42.43055235
            ],
            [
              -83.11749103,
              42.42952476
            ],
            [
              -83.11636616,
              42.42833436
            ],
            [
              -83.11553744,
              42.42701734
            ],
            [
              -83.11503004,
              42.4256137
            ],
            [
              -83.11485935,
              42.42416612
            ],
            [
              -83.11503055,
              42.42271856
            ],
            [
              -83.1155384,
              42.42131503
            ],
            [
              -83.11636745,
              42.41999815
            ],
            [
              -83.1174925,
              42.41880793
            ],
            [
              -83.11887936,
              42.41778052
            ],
            [
              -83.12048588,
              42.41694715
            ],
            [
              -83.12226326,
              42.41633312
            ],
            [
              -83.12415752,
              42.41595707
            ],
            [
              -83.12611111,
              42.41583044
            ],
            [
              -83.1280647,
              42.41595707
            ],
            [
              -83.12995896,
              42.41633312
            ],
            [
              -83.13173634,
              42.41694715
            ],
            [
              -83.13334286,
              42.41778052
            ],
            [
              -83.13472972,
              42.41880793
            ],
            [
              -83.13585477,
              42.41999815
            ],
            [
              -83.13668382,
              42.42131503
            ],
            [
              -83.13719167,
              42.42271856
            ],
            [
              -83.13736287,
              42.42416612
            ],
            [
              -83.13719218,
              42.4256137
            ],
            [
              -83.13668478,
              42.42701734
            ],
            [
              -83.13585606,
              42.42833436
            ],
            [
              -83.13473119,
              42.42952476
            ],
            [
              -83.13334433,
              42.43055235
            ],
            [
              -83.13173763,
              42.43138591
            ],
            [
              -83.12995992,
              42.43200008
            ],
            [
              -83.12806521,
              42.43237622
            ],
            [
              -83.12611111,
              42.43250288
            ]
          ]
        ]
      },
      "properties": {
        "description": "DETROIT, MI, Thursday, July 30, 2026 through Monday, August 3, 2026 Local",
        "notam": "6_8900",
        "dateIssued": "2026-07-27T12:22:35",
        "dateEffective": "2026-07-30T10:00:00",
        "dateExpire": "2026-08-03T23:59:00",
        "upperVal": 400,
        "lowerVal": 0,
        "facility": "ZOB",
        "type": "SECURITY"
      }
    },
    {
      "type": "Feature",
      "geometry": {
        "type": "Polygon",
        "coordinates": [
          [
            [
              -76.94722222,
              39.00696014
            ],
            [
              -76.94350942,
              39.00670664
            ],
            [
              -76.9399095,
              39.00595384
            ],
            [
              -76.93653193,
              39.00472464
            ],
            [
              -76.93347937,
              39.00305641
            ],
            [
              -76.9308446,
              39.00099985
            ],
            [
              -76.92870769,
              38.9986175
            ],
            [
              -76.92713351,
              38.99598176
            ],
            [
              -76.92616988,
              38.99317275
            ],
            [
              -76.92584598,
              38.99027582
            ],
            [
              -76.92617159,
              38.98737901
            ],
            [
              -76.92713674,
              38.98457034
            ],
            [
              -76.92871203,
              38.98193511
            ],
            [
              -76.93084954,
              38.97955339
            ],
            [
              -76.93348431,
              38.97749751
            ],
            [
              -76.93653627,
              38.9758299
            ],
            [
              -76.93991273,
              38.97460122
            ],
            [
              -76.94351113,
              38.97384876
            ],
            [
              -76.94722222,
              38.97359537
            ],
            [
              -76.95093331,
              38.97384876
            ],
            [
              -76.95453171,
              38.97460122
            ],
            [
              -76.95790817,
              38.9758299
            ],
            [
              -76.96096013,
              38.97749751
            ],
            [
              -76.9635949,
              38.97955339
            ],
            [
              -76.96573241,
              38.98193511
            ],
            [
              -76.9673077,
              38.98457034
            ],
            [
              -76.96827285,
              38.98737901
            ],
            [
              -76.96859846,
              38.99027582
            ],
            [
              -76.96827456,
              38.99317275
            ],
            [
              -76.96731093,
              38.99598176
            ],
            [
              -76.96573675,
              38.9986175
            ],
            [
              -76.96359984,
              39.00099985
            ],
            [
              -76.96096507,
              39.00305641
            ],
            [
              -76.95791251,
              39.00472464
            ],
            [
              -76.95453494,
              39.00595384
            ],
            [
              -76.95093502,
              39.00670664
            ],
            [
              -76.94722222,
              39.00696014
            ]
          ]
        ]
      },
      "properties": {
        "description": "College Park, MD, Saturday, August 1, 2026 UTC",
        "notam": "6_8890",
        "dateIssued": "2026-07-27T10:27:51",
        "dateEffective": "2026-08-01T13:00:00",
        "dateExpire": "2026-08-01T20:00:00",
        "upperVal": 400,
        "lowerVal": 0,
        "facility": "ZDC",
        "type": "UAS PUBLIC GATHERING"
      }
    },
    {
      "type": "Feature",
      "geometry": {
        "type": "Polygon",
        "coordinates": [
          [
            [
              -121.33333333,
              45.42080578
            ],
            [
              -121.29224586,
              45.41826682
            ],
            [
              -121.25241757,
              45.41072774
            ],
            [
              -121.21506803,
              45.39841953
            ],
            [
              -121.18133909,
              45.38171909
            ],
            [
              -121.15225925,
              45.36113743
            ],
            [
              -121.128712,
              45.33730372
            ],
            [
              -121.11140903,
              45.31094569
            ],
            [
              -121.10086903,
              45.28286711
            ],
            [
              -121.09740281,
              45.25392299
            ],
            [
              -121.10110502,
              45.22499342
            ],
            [
              -121.11185255,
              45.19695672
            ],
            [
              -121.12930956,
              45.17066287
            ],
            [
              -121.15293877,
              45.14690789
            ],
            [
              -121.18201861,
              45.12641001
            ],
            [
              -121.2156656,
              45.1097883
            ],
            [
              -121.2528611,
              45.09754427
            ],
            [
              -121.29248186,
              45.09004708
            ],
            [
              -121.33333333,
              45.08752267
            ],
            [
              -121.3741848,
              45.09004708
            ],
            [
              -121.41380557,
              45.09754427
            ],
            [
              -121.45100107,
              45.1097883
            ],
            [
              -121.48464805,
              45.12641001
            ],
            [
              -121.5137279,
              45.14690789
            ],
            [
              -121.53735711,
              45.17066287
            ],
            [
              -121.55481411,
              45.19695672
            ],
            [
              -121.56556164,
              45.22499342
            ],
            [
              -121.56926386,
              45.25392299
            ],
            [
              -121.56579764,
              45.28286711
            ],
            [
              -121.55525763,
              45.31094569
            ],
            [
              -121.53795466,
              45.33730372
            ],
            [
              -121.51440742,
              45.36113743
            ],
            [
              -121.48532758,
              45.38171909
            ],
            [
              -121.45159863,
              45.39841953
            ],
            [
              -121.4142491,
              45.41072774
            ],
            [
              -121.3744208,
              45.41826682
            ],
            [
              -121.33333333,
              45.42080578
            ]
          ]
        ]
      },
      "properties": {
        "description": "25NM SW THE DALLES, OR, Monday, July 27, 2026 through Tuesday, August 11, 2026 UTC",
        "notam": "6_8888",
        "dateIssued": "2026-07-27T04:30:44",
        "dateEffective": "2026-07-27T04:30:00",
        "dateExpire": "2026-08-11T05:00:00",
        "upperVal": 10500,
        "lowerVal": 0,
        "facility": "ZSE",
        "type": "HAZARDS"
      }
    },
    {
      "type": "Feature",
      "geometry": {
        "type": "Polygon",
        "coordinates": [
          [
            [
              -120.9,
              48.1625
            ],
            [
              -120.53388889,
              48.16944444
            ],
            [
              -120.49916667,
              48.10638889
            ],
            [
              -120.5,
              47.91666667
            ],
            [
              -120.75,
              47.79166667
            ],
            [
              -121.01666667,
              47.88333333
            ],
            [
              -120.9,
              48.1625
            ]
          ]
        ]
      },
      "properties": {
        "description": "26NM NW LEAVENWORTH, WA, Monday, July 27, 2026 through Monday, August 10, 2026 UTC",
        "notam": "6_8887",
        "dateIssued": "2026-07-27T04:02:21",
        "dateEffective": "2026-07-27T14:00:00",
        "dateExpire": "2026-08-10T05:00:00",
        "upperVal": 13500,
        "lowerVal": 0,
        "facility": "ZSE",
        "type": "HAZARDS"
      }
    },
    {
      "type": "Feature",
      "geometry": {
        "type": "Polygon",
        "coordinates": [
          [
            [
              -118.29583333,
              45.7875
            ],
            [
              -118.0625,
              45.79583333
            ],
            [
              -118.00833333,
              45.725
            ],
            [
              -118.13333333,
              45.59166667
            ],
            [
              -118.19166667,
              45.58333333
            ],
            [
              -118.31666667,
              45.46666667
            ],
            [
              -118.46666667,
              45.55
            ],
            [
              -118.29583333,
              45.7875
            ]
          ]
        ]
      },
      "properties": {
        "description": "24NM E PENDLETON, OR, Monday, July 27, 2026 through Monday, August 10, 2026 UTC",
        "notam": "6_8886",
        "dateIssued": "2026-07-27T03:33:23",
        "dateEffective": "2026-07-27T14:00:00",
        "dateExpire": "2026-08-10T07:00:00",
        "upperVal": 9000,
        "lowerVal": 0,
        "facility": "ZSE",
        "type": "HAZARDS"
      }
    },
    {
      "type": "Feature",
      "geometry": {
        "type": "Polygon",
        "coordinates": [
          [
            [
              -113.66666667,
              46.16664136
            ],
            [
              -113.64584657,
              46.16537383
            ],
            [
              -113.62566188,
              46.16160995
            ],
            [
              -113.60672835,
              46.15546457
            ],
            [
              -113.58962308,
              46.14712515
            ],
            [
              -113.57486676,
              46.136846
            ],
            [
              -113.56290777,
              46.12494043
            ],
            [
              -113.55410847,
              46.11177109
            ],
            [
              -113.54873441,
              46.09773888
            ],
            [
              -113.54694642,
              46.08327064
            ],
            [
              -113.54879604,
              46.06880614
            ],
            [
              -113.5542243,
              46.05478471
            ],
            [
              -113.56306382,
              46.04163189
            ],
            [
              -113.57504423,
              46.02974658
            ],
            [
              -113.58980054,
              46.01948899
            ],
            [
              -113.60688441,
              46.01116984
            ],
            [
              -113.62577771,
              46.00504097
            ],
            [
              -113.64590821,
              46.00128787
            ],
            [
              -113.66666667,
              46.00002409
            ],
            [
              -113.68742513,
              46.00128787
            ],
            [
              -113.70755562,
              46.00504097
            ],
            [
              -113.72644893,
              46.01116984
            ],
            [
              -113.74353279,
              46.01948899
            ],
            [
              -113.75828911,
              46.02974658
            ],
            [
              -113.77026951,
              46.04163189
            ],
            [
              -113.77910903,
              46.05478471
            ],
            [
              -113.78453729,
              46.06880614
            ],
            [
              -113.78638691,
              46.08327064
            ],
            [
              -113.78459892,
              46.09773888
            ],
            [
              -113.77922486,
              46.11177109
            ],
            [
              -113.77042557,
              46.12494043
            ],
            [
              -113.75846657,
              46.136846
            ],
            [
              -113.74371026,
              46.14712515
            ],
            [
              -113.72660499,
              46.15546457
            ],
            [
              -113.70767145,
              46.16160995
            ],
            [
              -113.68748676,
              46.16537383
            ],
            [
              -113.66666667,
              46.16664136
            ]
          ]
        ]
      },
      "properties": {
        "description": "23NM SE HAMILTON, MT, Monday, July 27, 2026 through Sunday, August 9, 2026 UTC",
        "notam": "6_8883",
        "dateIssued": "2026-07-27T03:04:26",
        "dateEffective": "2026-07-27T14:00:00",
        "dateExpire": "2026-08-09T04:00:00",
        "upperVal": 11000,
        "lowerVal": 0,
        "facility": "ZLC",
        "type": "HAZARDS"
      }
    },
    {
      "type": "Feature",
      "geometry": {
        "type": "Polygon",
        "coordinates": [
          [
            [
              -115.73333333,
              45.41665511
            ],
            [
              -115.71689909,
              45.41564129
            ],
            [
              -115.70096591,
              45.41263075
            ],
            [
              -115.68601943,
              45.40771527
            ],
            [
              -115.6725149,
              45.40104466
            ],
            [
              -115.66086325,
              45.39282219
            ],
            [
              -115.65141851,
              45.38329829
            ],
            [
              -115.64446704,
              45.37276292
            ],
            [
              -115.64021894,
              45.36153665
            ],
            [
              -115.63880177,
              45.34996088
            ],
            [
              -115.64025689,
              45.33838745
            ],
            [
              -115.64453836,
              45.32716791
            ],
            [
              -115.6515146,
              45.31664284
            ],
            [
              -115.66097252,
              45.30713158
            ],
            [
              -115.67262417,
              45.29892255
            ],
            [
              -115.68611552,
              45.29226459
            ],
            [
              -115.70103723,
              45.28735941
            ],
            [
              -115.71693704,
              45.28435559
            ],
            [
              -115.73333333,
              45.28334411
            ],
            [
              -115.74972963,
              45.28435559
            ],
            [
              -115.76562944,
              45.28735941
            ],
            [
              -115.78055115,
              45.29226459
            ],
            [
              -115.79404249,
              45.29892255
            ],
            [
              -115.80569414,
              45.30713158
            ],
            [
              -115.81515207,
              45.31664284
            ],
            [
              -115.82212831,
              45.32716791
            ],
            [
              -115.82640978,
              45.33838745
            ],
            [
              -115.82786489,
              45.34996088
            ],
            [
              -115.82644773,
              45.36153665
            ],
            [
              -115.82219963,
              45.37276292
            ],
            [
              -115.81524816,
              45.38329829
            ],
            [
              -115.80580341,
              45.39282219
            ],
            [
              -115.79415177,
              45.40104466
            ],
            [
              -115.78064724,
              45.40771527
            ],
            [
              -115.76570076,
              45.41263075
            ],
            [
              -115.74976758,
              45.41564129
            ],
            [
              -115.73333333,
              45.41665511
            ]
          ]
        ]
      },
      "properties": {
        "description": "32NM NE MCCALL, ID, Monday, July 27, 2026 through Sunday, August 9, 2026 UTC",
        "notam": "6_8876",
        "dateIssued": "2026-07-27T02:41:07",
        "dateEffective": "2026-07-27T11:00:00",
        "dateExpire": "2026-08-09T05:00:00",
        "upperVal": 12000,
        "lowerVal": 0,
        "facility": "ZLC",
        "type": "HAZARDS"
      }
    },
    {
      "type": "Feature",
      "geometry": {
        "type": "Polygon",
        "coordinates": [
          [
            [
              -115.73333333,
              45.41665511
            ],
            [
              -115.71689909,
              45.41564129
            ],
            [
              -115.70096591,
              45.41263075
            ],
            [
              -115.68601943,
              45.40771527
            ],
            [
              -115.6725149,
              45.40104466
            ],
            [
              -115.66086325,
              45.39282219
            ],
            [
              -115.65141851,
              45.38329829
            ],
            [
              -115.64446704,
              45.37276292
            ],
            [
              -115.64021894,
              45.36153665
            ],
            [
              -115.63880177,
              45.34996088
            ],
            [
              -115.64025689,
              45.33838745
            ],
            [
              -115.64453836,
              45.32716791
            ],
            [
              -115.6515146,
              45.31664284
            ],
            [
              -115.66097252,
              45.30713158
            ],
            [
              -115.67262417,
              45.29892255
            ],
            [
              -115.68611552,
              45.29226459
            ],
            [
              -115.70103723,
              45.28735941
            ],
            [
              -115.71693704,
              45.28435559
            ],
            [
              -115.73333333,
              45.28334411
            ],
            [
              -115.74972963,
              45.28435559
            ],
            [
              -115.76562944,
              45.28735941
            ],
            [
              -115.78055115,
              45.29226459
            ],
            [
              -115.79404249,
              45.29892255
            ],
            [
              -115.80569414,
              45.30713158
            ],
            [
              -115.81515207,
              45.31664284
            ],
            [
              -115.82212831,
              45.32716791
            ],
            [
              -115.82640978,
              45.33838745
            ],
            [
              -115.82786489,
              45.34996088
            ],
            [
              -115.82644773,
              45.36153665
            ],
            [
              -115.82219963,
              45.37276292
            ],
            [
              -115.81524816,
              45.38329829
            ],
            [
              -115.80580341,
              45.39282219
            ],
            [
              -115.79415177,
              45.40104466
            ],
            [
              -115.78064724,
              45.40771527
            ],
            [
              -115.76570076,
              45.41263075
            ],
            [
              -115.74976758,
              45.41564129
            ],
            [
              -115.73333333,
              45.41665511
            ]
          ]
        ]
      },
      "properties": {
        "description": "32NM NE MCCALL, ID, Monday, July 27, 2026 through Sunday, August 9, 2026 UTC",
        "notam": "6_8874",
        "dateIssued": "2026-07-27T02:34:39",
        "dateEffective": "2026-07-27T11:00:00",
        "dateExpire": "2026-08-09T05:00:00",
        "upperVal": 12000,
        "lowerVal": 0,
        "facility": "ZSE",
        "type": "HAZARDS"
      }
    },
    {
      "type": "Feature",
      "geometry": {
        "type": "Polygon",
        "coordinates": [
          [
            [
              -115.25,
              41.01673694
            ],
            [
              -115.22323732,
              41.01496036
            ],
            [
              -115.19729202,
              41.00968488
            ],
            [
              -115.1729561,
              41.00107159
            ],
            [
              -115.15097175,
              40.98938342
            ],
            [
              -115.13200838,
              40.97497702
            ],
            [
              -115.11664217,
              40.95829171
            ],
            [
              -115.10533854,
              40.93983596
            ],
            [
              -115.09843819,
              40.92017176
            ],
            [
              -115.0961471,
              40.89989738
            ],
            [
              -115.0985307,
              40.87962912
            ],
            [
              -115.10551241,
              40.85998253
            ],
            [
              -115.11687642,
              40.84155377
            ],
            [
              -115.13227476,
              40.82490156
            ],
            [
              -115.15123814,
              40.81053039
            ],
            [
              -115.17319036,
              40.79887533
            ],
            [
              -115.19746589,
              40.79028902
            ],
            [
              -115.22332984,
              40.78503115
            ],
            [
              -115.25,
              40.78326068
            ],
            [
              -115.27667016,
              40.78503115
            ],
            [
              -115.30253411,
              40.79028902
            ],
            [
              -115.32680964,
              40.79887533
            ],
            [
              -115.34876186,
              40.81053039
            ],
            [
              -115.36772524,
              40.82490156
            ],
            [
              -115.38312358,
              40.84155377
            ],
            [
              -115.39448759,
              40.85998253
            ],
            [
              -115.4014693,
              40.87962912
            ],
            [
              -115.4038529,
              40.89989738
            ],
            [
              -115.40156181,
              40.92017176
            ],
            [
              -115.39466146,
              40.93983596
            ],
            [
              -115.38335783,
              40.95829171
            ],
            [
              -115.36799162,
              40.97497702
            ],
            [
              -115.34902825,
              40.98938342
            ],
            [
              -115.3270439,
              41.00107159
            ],
            [
              -115.30270798,
              41.00968488
            ],
            [
              -115.27676268,
              41.01496036
            ],
            [
              -115.25,
              41.01673694
            ]
          ]
        ]
      },
      "properties": {
        "description": "23NM E ELKO, NV, Monday, July 27, 2026 through Sunday, August 2, 2026 UTC",
        "notam": "6_8868",
        "dateIssued": "2026-07-26T23:47:29",
        "dateEffective": "2026-07-27T14:00:00",
        "dateExpire": "2026-08-02T04:00:00",
        "upperVal": 11500,
        "lowerVal": 0,
        "facility": "ZLC",
        "type": "HAZARDS"
      }
    },
    {
      "type": "Feature",
      "geometry": {
        "type": "Polygon",
        "coordinates": [
          [
            [
              -118.55,
              43.09166667
            ],
            [
              -118.24166667,
              43.09166667
            ],
            [
              -118.10416667,
              43.0125
            ],
            [
              -118.125,
              42.925
            ],
            [
              -118.34166667,
              42.85416667
            ],
            [
              -118.61666667,
              42.97083333
            ],
            [
              -118.55,
              43.09166667
            ]
          ]
        ]
      },
      "properties": {
        "description": "44NM SW BURNS, OR, Sunday, July 26, 2026 through Monday, August 10, 2026 UTC",
        "notam": "6_8784",
        "dateIssued": "2026-07-26T18:38:07",
        "dateEffective": "2026-07-26T18:45:00",
        "dateExpire": "2026-08-10T05:00:00",
        "upperVal": 10000,
        "lowerVal": 0,
        "facility": "ZLC",
        "type": "HAZARDS"
      }
    },
    {
      "type": "Feature",
      "geometry": {
        "type": "Polygon",
        "coordinates": [
          [
            [
              -82.3,
              30.37507863
            ],
            [
              -82.29330857,
              30.37457085
            ],
            [
              -82.28682066,
              30.37306298
            ],
            [
              -82.28073357,
              30.37060086
            ],
            [
              -82.2752324,
              30.36725938
            ],
            [
              -82.27048436,
              30.36314015
            ],
            [
              -82.26663372,
              30.35836841
            ],
            [
              -82.26379741,
              30.35308924
            ],
            [
              -82.26206147,
              30.3474631
            ],
            [
              -82.26147848,
              30.34166099
            ],
            [
              -82.26206595,
              30.33585922
            ],
            [
              -82.26380582,
              30.33023406
            ],
            [
              -82.26664505,
              30.32495637
            ],
            [
              -82.27049724,
              30.32018645
            ],
            [
              -82.27524528,
              30.31606916
            ],
            [
              -82.2807449,
              30.3127295
            ],
            [
              -82.28682907,
              30.31026887
            ],
            [
              -82.29331304,
              30.30876197
            ],
            [
              -82.3,
              30.30825453
            ],
            [
              -82.30668696,
              30.30876197
            ],
            [
              -82.31317093,
              30.31026887
            ],
            [
              -82.3192551,
              30.3127295
            ],
            [
              -82.32475472,
              30.31606916
            ],
            [
              -82.32950276,
              30.32018645
            ],
            [
              -82.33335495,
              30.32495637
            ],
            [
              -82.33619418,
              30.33023406
            ],
            [
              -82.33793405,
              30.33585922
            ],
            [
              -82.33852152,
              30.34166099
            ],
            [
              -82.33793853,
              30.3474631
            ],
            [
              -82.33620259,
              30.35308924
            ],
            [
              -82.33336628,
              30.35836841
            ],
            [
              -82.32951564,
              30.36314015
            ],
            [
              -82.3247676,
              30.36725938
            ],
            [
              -82.31926643,
              30.37060086
            ],
            [
              -82.31317934,
              30.37306298
            ],
            [
              -82.30669143,
              30.37457085
            ],
            [
              -82.3,
              30.37507863
            ]
          ]
        ]
      },
      "properties": {
        "description": "16NM NE LAKE CITY, FL, Sunday, July 26, 2026 through Sunday, August 2, 2026 UTC",
        "notam": "6_8779",
        "dateIssued": "2026-07-26T18:14:01",
        "dateEffective": "2026-07-26T18:03:00",
        "dateExpire": "2026-08-02T01:30:00",
        "upperVal": 1300,
        "lowerVal": 0,
        "facility": "ZJX",
        "type": "HAZARDS"
      }
    },
    {
      "type": "Feature",
      "geometry": {
        "type": "Polygon",
        "coordinates": [
          [
            [
              -114.31666667,
              46.24164025
            ],
            [
              -114.29581823,
              46.24037274
            ],
            [
              -114.27560606,
              46.2366089
            ],
            [
              -114.25664676,
              46.23046357
            ],
            [
              -114.23951824,
              46.22212423
            ],
            [
              -114.22474189,
              46.21184519
            ],
            [
              -114.21276668,
              46.19993975
            ],
            [
              -114.20395549,
              46.18677057
            ],
            [
              -114.19857421,
              46.17273853
            ],
            [
              -114.19678387,
              46.15827047
            ],
            [
              -114.19863609,
              46.14380617
            ],
            [
              -114.20407179,
              46.12978493
            ],
            [
              -114.21292336,
              46.11663231
            ],
            [
              -114.22492006,
              46.10474719
            ],
            [
              -114.23969641,
              46.09448976
            ],
            [
              -114.25680344,
              46.08617074
            ],
            [
              -114.27572235,
              46.08004198
            ],
            [
              -114.2958801,
              46.07628894
            ],
            [
              -114.31666667,
              46.07502519
            ],
            [
              -114.33745324,
              46.07628894
            ],
            [
              -114.35761099,
              46.08004198
            ],
            [
              -114.3765299,
              46.08617074
            ],
            [
              -114.39363693,
              46.09448976
            ],
            [
              -114.40841328,
              46.10474719
            ],
            [
              -114.42040998,
              46.11663231
            ],
            [
              -114.42926155,
              46.12978493
            ],
            [
              -114.43469725,
              46.14380617
            ],
            [
              -114.43654947,
              46.15827047
            ],
            [
              -114.43475913,
              46.17273853
            ],
            [
              -114.42937785,
              46.18677057
            ],
            [
              -114.42056666,
              46.19993975
            ],
            [
              -114.40859145,
              46.21184519
            ],
            [
              -114.3938151,
              46.22212423
            ],
            [
              -114.37668658,
              46.23046357
            ],
            [
              -114.35772728,
              46.2366089
            ],
            [
              -114.33751511,
              46.24037274
            ],
            [
              -114.31666667,
              46.24164025
            ]
          ]
        ]
      },
      "properties": {
        "description": "8NM SW HAMILTON, MT, Sunday, July 26, 2026 through Sunday, August 9, 2026 UTC",
        "notam": "6_8578",
        "dateIssued": "2026-07-26T02:17:49",
        "dateEffective": "2026-07-26T14:00:00",
        "dateExpire": "2026-08-09T04:00:00",
        "upperVal": 11000,
        "lowerVal": 0,
        "facility": "ZLC",
        "type": "HAZARDS"
      }
    },
    {
      "type": "Feature",
      "geometry": {
        "type": "Polygon",
        "coordinates": [
          [
            [
              -69.09833333,
              44.14528207
            ],
            [
              -69.07823656,
              44.14401423
            ],
            [
              -69.05875293,
              44.14024938
            ],
            [
              -69.04047665,
              44.13410238
            ],
            [
              -69.02396468,
              44.12576069
            ],
            [
              -69.00971958,
              44.11547864
            ],
            [
              -68.99817418,
              44.10356953
            ],
            [
              -68.9896784,
              44.09039608
            ],
            [
              -68.98448874,
              44.07635925
            ],
            [
              -68.98276066,
              44.06188599
            ],
            [
              -68.98454419,
              44.04741622
            ],
            [
              -68.98978261,
              44.03338943
            ],
            [
              -68.99831458,
              44.02023137
            ],
            [
              -69.00987924,
              44.00834114
            ],
            [
              -69.02412434,
              43.99807917
            ],
            [
              -69.04061706,
              43.98975636
            ],
            [
              -69.05885714,
              43.98362474
            ],
            [
              -69.07829201,
              43.97986994
            ],
            [
              -69.09833333,
              43.97860559
            ],
            [
              -69.11837465,
              43.97986994
            ],
            [
              -69.13780952,
              43.98362474
            ],
            [
              -69.1560496,
              43.98975636
            ],
            [
              -69.17254232,
              43.99807917
            ],
            [
              -69.18678742,
              44.00834114
            ],
            [
              -69.19835208,
              44.02023137
            ],
            [
              -69.20688405,
              44.03338943
            ],
            [
              -69.21212247,
              44.04741622
            ],
            [
              -69.213906,
              44.06188599
            ],
            [
              -69.21217792,
              44.07635925
            ],
            [
              -69.20698826,
              44.09039608
            ],
            [
              -69.19849248,
              44.10356953
            ],
            [
              -69.18694708,
              44.11547864
            ],
            [
              -69.17270198,
              44.12576069
            ],
            [
              -69.15619001,
              44.13410238
            ],
            [
              -69.13791373,
              44.14024938
            ],
            [
              -69.1184301,
              44.14401423
            ],
            [
              -69.09833333,
              44.14528207
            ]
          ]
        ]
      },
      "properties": {
        "description": "Owls Head, ME, Saturday, August 1, 2026 through Sunday, August 2, 2026 UTC",
        "notam": "6_8576",
        "dateIssued": "2026-07-26T01:12:52",
        "dateEffective": "2026-08-01T16:00:00",
        "dateExpire": "2026-08-02T20:00:00",
        "upperVal": 8000,
        "lowerVal": 0,
        "facility": "ZBW",
        "type": "AIR SHOWS/SPORTS"
      }
    },
    {
      "type": "Feature",
      "geometry": {
        "type": "Polygon",
        "coordinates": [
          [
            [
              -109.93333333,
              46.85828407
            ],
            [
              -109.90381338,
              46.85650861
            ],
            [
              -109.87519605,
              46.8512365
            ],
            [
              -109.84835587,
              46.84262893
            ],
            [
              -109.82411206,
              46.83094894
            ],
            [
              -109.80320319,
              46.81655325
            ],
            [
              -109.78626456,
              46.79988124
            ],
            [
              -109.77380882,
              46.78144131
            ],
            [
              -109.76621073,
              46.76179524
            ],
            [
              -109.76369615,
              46.74154094
            ],
            [
              -109.76633583,
              46.72129415
            ],
            [
              -109.77404394,
              46.7016697
            ],
            [
              -109.78658133,
              46.6832629
            ],
            [
              -109.80356341,
              46.66663153
            ],
            [
              -109.82447228,
              46.6522791
            ],
            [
              -109.84867264,
              46.64063975
            ],
            [
              -109.87543117,
              46.63206531
            ],
            [
              -109.90393848,
              46.62681483
            ],
            [
              -109.93333333,
              46.62504687
            ],
            [
              -109.96272819,
              46.62681483
            ],
            [
              -109.9912355,
              46.63206531
            ],
            [
              -110.01799402,
              46.64063975
            ],
            [
              -110.04219439,
              46.6522791
            ],
            [
              -110.06310326,
              46.66663153
            ],
            [
              -110.08008534,
              46.6832629
            ],
            [
              -110.09262273,
              46.7016697
            ],
            [
              -110.10033084,
              46.72129415
            ],
            [
              -110.10297052,
              46.74154094
            ],
            [
              -110.10045594,
              46.76179524
            ],
            [
              -110.09285784,
              46.78144131
            ],
            [
              -110.08040211,
              46.79988124
            ],
            [
              -110.06346347,
              46.81655325
            ],
            [
              -110.04255461,
              46.83094894
            ],
            [
              -110.01831079,
              46.84262893
            ],
            [
              -109.99147061,
              46.8512365
            ],
            [
              -109.96285329,
              46.85650861
            ],
            [
              -109.93333333,
              46.85828407
            ]
          ]
        ]
      },
      "properties": {
        "description": "18NM NW HARLOWTON, MT, Sunday, July 26, 2026 through Sunday, August 9, 2026 UTC",
        "notam": "6_8575",
        "dateIssued": "2026-07-26T00:38:13",
        "dateEffective": "2026-07-26T15:00:00",
        "dateExpire": "2026-08-09T03:00:00",
        "upperVal": 12000,
        "lowerVal": 0,
        "facility": "ZLC",
        "type": "HAZARDS"
      }
    },
    {
      "type": "Feature",
      "geometry": {
        "type": "Polygon",
        "coordinates": [
          [
            [
              -119.90833333,
              44.6
            ],
            [
              -119.575,
              44.65833333
            ],
            [
              -119.54583333,
              44.4625
            ],
            [
              -119.66666667,
              44.22916667
            ],
            [
              -120.09583333,
              44.36666667
            ],
            [
              -119.90833333,
              44.6
            ]
          ]
        ]
      },
      "properties": {
        "description": "50NM W JOHN DAY, OR, Saturday, July 25, 2026 through Sunday, August 9, 2026 UTC",
        "notam": "6_8562",
        "dateIssued": "2026-07-25T20:41:07",
        "dateEffective": "2026-07-25T21:00:00",
        "dateExpire": "2026-08-09T05:00:00",
        "upperVal": 10000,
        "lowerVal": 0,
        "facility": "ZSE",
        "type": "HAZARDS"
      }
    },
    {
      "type": "Feature",
      "geometry": {
        "type": "Polygon",
        "coordinates": [
          [
            [
              -109.81666667,
              37.95
            ],
            [
              -109.475,
              37.93333333
            ],
            [
              -109.48333333,
              37.825
            ],
            [
              -109.8,
              37.69166667
            ],
            [
              -109.94166667,
              37.78333333
            ],
            [
              -109.81666667,
              37.95
            ]
          ]
        ]
      },
      "properties": {
        "description": "16NM W MONTICELLO, UT, Sunday, July 26, 2026 through Monday, August 10, 2026 UTC",
        "notam": "6_8554",
        "dateIssued": "2026-07-25T18:28:46",
        "dateEffective": "2026-07-26T12:00:00",
        "dateExpire": "2026-08-10T03:00:00",
        "upperVal": 12000,
        "lowerVal": 0,
        "facility": "ZDV",
        "type": "HAZARDS"
      }
    },
    {
      "type": "Feature",
      "geometry": {
        "type": "Polygon",
        "coordinates": [
          [
            [
              -117.08333333,
              44.65833333
            ],
            [
              -116.95,
              44.6
            ],
            [
              -116.99166667,
              44.45
            ],
            [
              -117.19166667,
              44.45
            ],
            [
              -117.08333333,
              44.65833333
            ]
          ]
        ]
      },
      "properties": {
        "description": "47NM SW MCCALL, ID, Saturday, July 25, 2026 through Friday, August 7, 2026 UTC",
        "notam": "6_8492",
        "dateIssued": "2026-07-25T02:28:37",
        "dateEffective": "2026-07-25T14:00:00",
        "dateExpire": "2026-08-07T03:00:00",
        "upperVal": 9000,
        "lowerVal": 0,
        "facility": "ZLC",
        "type": "HAZARDS"
      }
    },
    {
      "type": "Feature",
      "geometry": {
        "type": "Polygon",
        "coordinates": [
          [
            [
              -147.11388889,
              64.7572247
            ],
            [
              -147.08011165,
              64.75595903
            ],
            [
              -147.04736996,
              64.75220081
            ],
            [
              -147.01666674,
              64.74606524
            ],
            [
              -146.9889409,
              64.73774027
            ],
            [
              -146.96503803,
              64.72748074
            ],
            [
              -146.94568436,
              64.71560036
            ],
            [
              -146.93146468,
              64.70246198
            ],
            [
              -146.922805,
              64.68846632
            ],
            [
              -146.91996032,
              64.67403962
            ],
            [
              -146.92300792,
              64.65962055
            ],
            [
              -146.93184605,
              64.64564687
            ],
            [
              -146.94619818,
              64.63254217
            ],
            [
              -146.96562233,
              64.6207031
            ],
            [
              -146.98952519,
              64.61048753
            ],
            [
              -147.01718056,
              64.60220387
            ],
            [
              -147.04775133,
              64.59610198
            ],
            [
              -147.08031458,
              64.59236574
            ],
            [
              -147.11388889,
              64.5911077
            ],
            [
              -147.1474632,
              64.59236574
            ],
            [
              -147.18002645,
              64.59610198
            ],
            [
              -147.21059722,
              64.60220387
            ],
            [
              -147.23825259,
              64.61048753
            ],
            [
              -147.26215545,
              64.6207031
            ],
            [
              -147.2815796,
              64.63254217
            ],
            [
              -147.29593173,
              64.64564687
            ],
            [
              -147.30476986,
              64.65962055
            ],
            [
              -147.30781746,
              64.67403962
            ],
            [
              -147.30497278,
              64.68846632
            ],
            [
              -147.2963131,
              64.70246198
            ],
            [
              -147.28209342,
              64.71560036
            ],
            [
              -147.26273975,
              64.72748074
            ],
            [
              -147.23883688,
              64.73774027
            ],
            [
              -147.21111104,
              64.74606524
            ],
            [
              -147.18040782,
              64.75220081
            ],
            [
              -147.14766613,
              64.75595903
            ],
            [
              -147.11388889,
              64.7572247
            ]
          ]
        ]
      },
      "properties": {
        "description": "EIELSON AFB, AK, Friday, July 31, 2026 through Monday, August 3, 2026 UTC",
        "notam": "6_8465",
        "dateIssued": "2026-07-24T20:35:12",
        "dateEffective": "2026-07-31T20:30:00",
        "dateExpire": "2026-08-03T01:00:00",
        "upperVal": 15000,
        "lowerVal": 0,
        "facility": "ZAN",
        "type": "AIR SHOWS/SPORTS"
      }
    },
    {
      "type": "Feature",
      "geometry": {
        "type": "Polygon",
        "coordinates": [
          [
            [
              -94.05794444,
              45.63173253
            ],
            [
              -94.0373233,
              45.63046492
            ],
            [
              -94.01733145,
              45.62670079
            ],
            [
              -93.9985787,
              45.62055498
            ],
            [
              -93.98163662,
              45.61221496
            ],
            [
              -93.96702092,
              45.60193505
            ],
            [
              -93.95517568,
              45.59002855
            ],
            [
              -93.94645986,
              45.57685813
            ],
            [
              -93.94113651,
              45.5628247
            ],
            [
              -93.93936499,
              45.54835513
            ],
            [
              -93.94119643,
              45.53388923
            ],
            [
              -93.94657247,
              45.51986638
            ],
            [
              -93.95532739,
              45.50671217
            ],
            [
              -93.96719344,
              45.49482555
            ],
            [
              -93.98180914,
              45.4845668
            ],
            [
              -93.99873041,
              45.47624668
            ],
            [
              -94.01744406,
              45.47011708
            ],
            [
              -94.03738322,
              45.46636352
            ],
            [
              -94.05794444,
              45.46509959
            ],
            [
              -94.07850566,
              45.46636352
            ],
            [
              -94.09844482,
              45.47011708
            ],
            [
              -94.11715847,
              45.47624668
            ],
            [
              -94.13407974,
              45.4845668
            ],
            [
              -94.14869544,
              45.49482555
            ],
            [
              -94.16056149,
              45.50671217
            ],
            [
              -94.16931641,
              45.51986638
            ],
            [
              -94.17469245,
              45.53388923
            ],
            [
              -94.17652389,
              45.54835513
            ],
            [
              -94.17475237,
              45.5628247
            ],
            [
              -94.16942902,
              45.57685813
            ],
            [
              -94.1607132,
              45.59002855
            ],
            [
              -94.14886796,
              45.60193505
            ],
            [
              -94.13425226,
              45.61221496
            ],
            [
              -94.11731018,
              45.62055498
            ],
            [
              -94.09855743,
              45.62670079
            ],
            [
              -94.07856558,
              45.63046492
            ],
            [
              -94.05794444,
              45.63173253
            ]
          ]
        ]
      },
      "properties": {
        "description": "St Cloud, MN, Friday, July 31, 2026 through Sunday, August 2, 2026 UTC",
        "notam": "6_8432",
        "dateIssued": "2026-07-24T16:52:40",
        "dateEffective": "2026-07-31T16:30:00",
        "dateExpire": "2026-08-02T20:30:00",
        "upperVal": 16000,
        "lowerVal": 0,
        "facility": "ZMP",
        "type": "AIR SHOWS/SPORTS"
      }
    },
    {
      "type": "Feature",
      "geometry": {
        "type": "Polygon",
        "coordinates": [
          [
            [
              -122.3,
              47.57888889
            ],
            [
              -122.29898037,
              47.58171261
            ],
            [
              -122.29761478,
              47.58446817
            ],
            [
              -122.29589926,
              47.58713269
            ],
            [
              -122.29384682,
              47.58968588
            ],
            [
              -122.29147305,
              47.59210829
            ],
            [
              -122.28879598,
              47.59438146
            ],
            [
              -122.28583599,
              47.59648808
            ],
            [
              -122.2826156,
              47.59841209
            ],
            [
              -122.27915932,
              47.60013883
            ],
            [
              -122.27549347,
              47.60165513
            ],
            [
              -122.27164598,
              47.60294944
            ],
            [
              -122.26764618,
              47.6040119
            ],
            [
              -122.26352454,
              47.60483439
            ],
            [
              -122.25931249,
              47.60541065
            ],
            [
              -122.25504214,
              47.60573629
            ],
            [
              -122.25074606,
              47.60580882
            ],
            [
              -122.24645699,
              47.6056277
            ],
            [
              -122.24220765,
              47.60519429
            ],
            [
              -122.23803043,
              47.60451191
            ],
            [
              -122.23395718,
              47.60358576
            ],
            [
              -122.23001895,
              47.60242289
            ],
            [
              -122.22624575,
              47.60103219
            ],
            [
              -122.22266634,
              47.59942423
            ],
            [
              -122.21930798,
              47.5976113
            ],
            [
              -122.21619623,
              47.59560719
            ],
            [
              -122.2133548,
              47.59342719
            ],
            [
              -122.21080528,
              47.5910879
            ],
            [
              -122.20856708,
              47.58860715
            ],
            [
              -122.20665719,
              47.58600384
            ],
            [
              -122.20509012,
              47.5832978
            ],
            [
              -122.20387774,
              47.58050963
            ],
            [
              -122.20302922,
              47.57766057
            ],
            [
              -122.20255098,
              47.57477231
            ],
            [
              -122.20244658,
              47.57186683
            ],
            [
              -122.20271677,
              47.56896625
            ],
            [
              -122.20335942,
              47.56609264
            ],
            [
              -122.20436958,
              47.56326786
            ],
            [
              -122.20573951,
              47.56051341
            ],
            [
              -122.20745873,
              47.55785023
            ],
            [
              -122.20951413,
              47.55529857
            ],
            [
              -122.21189001,
              47.55287784
            ],
            [
              -122.21456828,
              47.55060645
            ],
            [
              -122.21752855,
              47.54850165
            ],
            [
              -122.22074826,
              47.54657945
            ],
            [
              -122.22420294,
              47.54485446
            ],
            [
              -122.22786631,
              47.54333978
            ],
            [
              -122.23171051,
              47.54204692
            ],
            [
              -122.23570632,
              47.54098571
            ],
            [
              -122.23982339,
              47.5401642
            ],
            [
              -122.24403042,
              47.53958865
            ],
            [
              -122.24829546,
              47.53926341
            ],
            [
              -122.25258611,
              47.53919097
            ],
            [
              -122.25686978,
              47.53937187
            ],
            [
              -122.26111392,
              47.53980474
            ],
            [
              -122.2652863,
              47.54048629
            ],
            [
              -122.26935521,
              47.54141134
            ],
            [
              -122.27328974,
              47.54257287
            ],
            [
              -122.27705998,
              47.54396204
            ],
            [
              -122.28063728,
              47.54556831
            ],
            [
              -122.28399444,
              47.54737947
            ],
            [
              -122.28710591,
              47.54938176
            ],
            [
              -122.28994802,
              47.55155995
            ],
            [
              -122.29249914,
              47.55389749
            ],
            [
              -122.29473982,
              47.55637662
            ],
            [
              -122.296653,
              47.55897847
            ],
            [
              -122.29822406,
              47.56168327
            ],
            [
              -122.29944101,
              47.56447045
            ],
            [
              -122.3,
              47.56611111
            ],
            [
              -122.3,
              47.57888889
            ]
          ]
        ]
      },
      "properties": {
        "description": "SEATTLE, WA, Thursday, July 30, 2026 through Sunday, August 2, 2026 Local",
        "notam": "6_8430",
        "dateIssued": "2026-07-24T16:41:55",
        "dateEffective": "2026-07-30T20:00:00",
        "dateExpire": "2026-08-02T22:20:00",
        "upperVal": 5000,
        "lowerVal": 0,
        "facility": "ZSE",
        "type": "AIR SHOWS/SPORTS"
      }
    },
    {
      "type": "Feature",
      "geometry": {
        "type": "Polygon",
        "coordinates": [
          [
            [
              -122.25166667,
              47.65589736
            ],
            [
              -122.23026175,
              47.65463007
            ],
            [
              -122.20951024,
              47.65086688
            ],
            [
              -122.19004531,
              47.64472266
            ],
            [
              -122.17246037,
              47.63638487
            ],
            [
              -122.15729077,
              47.62610782
            ],
            [
              -122.14499742,
              47.61420482
            ],
            [
              -122.13595279,
              47.60103848
            ],
            [
              -122.1304297,
              47.58700964
            ],
            [
              -122.12859333,
              47.57254508
            ],
            [
              -122.13049644,
              47.55808447
            ],
            [
              -122.13607822,
              47.54406699
            ],
            [
              -122.14516642,
              47.53091806
            ],
            [
              -122.15748295,
              47.5190364
            ],
            [
              -122.17265255,
              47.50878208
            ],
            [
              -122.19021431,
              47.50046564
            ],
            [
              -122.20963567,
              47.49433882
            ],
            [
              -122.2303285,
              47.49058699
            ],
            [
              -122.25166667,
              47.48932364
            ],
            [
              -122.27300484,
              47.49058699
            ],
            [
              -122.29369767,
              47.49433882
            ],
            [
              -122.31311903,
              47.50046564
            ],
            [
              -122.33068079,
              47.50878208
            ],
            [
              -122.34585039,
              47.5190364
            ],
            [
              -122.35816692,
              47.53091806
            ],
            [
              -122.36725512,
              47.54406699
            ],
            [
              -122.3728369,
              47.55808447
            ],
            [
              -122.37474001,
              47.57254508
            ],
            [
              -122.37290364,
              47.58700964
            ],
            [
              -122.36738055,
              47.60103848
            ],
            [
              -122.35833592,
              47.61420482
            ],
            [
              -122.34604257,
              47.62610782
            ],
            [
              -122.33087297,
              47.63638487
            ],
            [
              -122.31328803,
              47.64472266
            ],
            [
              -122.2938231,
              47.65086688
            ],
            [
              -122.27307159,
              47.65463007
            ],
            [
              -122.25166667,
              47.65589736
            ]
          ]
        ]
      },
      "properties": {
        "description": "SEATLE, WA, Thursday, July 30, 2026 through Sunday, August 2, 2026 UTC",
        "notam": "6_8429",
        "dateIssued": "2026-07-24T16:40:14",
        "dateEffective": "2026-07-30T18:00:00",
        "dateExpire": "2026-08-02T23:59:00",
        "upperVal": 16000,
        "lowerVal": 0,
        "facility": "ZSE",
        "type": "AIR SHOWS/SPORTS"
      }
    },
    {
      "type": "Feature",
      "geometry": {
        "type": "Polygon",
        "coordinates": [
          [
            [
              -119.30833333,
              48.3875
            ],
            [
              -118.68333333,
              48.37916667
            ],
            [
              -118.65,
              48.05833333
            ],
            [
              -119.15833333,
              48.0625
            ],
            [
              -119.4,
              48.15
            ],
            [
              -119.375,
              48.25833333
            ],
            [
              -119.30833333,
              48.3875
            ]
          ]
        ]
      },
      "properties": {
        "description": "50NM SW COLVILLE, WA, Friday, July 24, 2026 through Saturday, August 8, 2026 UTC",
        "notam": "6_8427",
        "dateIssued": "2026-07-24T16:28:53",
        "dateEffective": "2026-07-24T16:30:00",
        "dateExpire": "2026-08-08T05:00:00",
        "upperVal": 7500,
        "lowerVal": 0,
        "facility": "ZSE",
        "type": "HAZARDS"
      }
    },
    {
      "type": "Feature",
      "geometry": {
        "type": "Polygon",
        "coordinates": [
          [
            [
              -122.5625,
              43.2291918
            ],
            [
              -122.5347897,
              43.22741566
            ],
            [
              -122.50792607,
              43.22214149
            ],
            [
              -122.48272946,
              43.21353043
            ],
            [
              -122.45996852,
              43.20184543
            ],
            [
              -122.44033644,
              43.18744316
            ],
            [
              -122.42442972,
              43.17076295
            ],
            [
              -122.41273002,
              43.15231324
            ],
            [
              -122.40558974,
              43.13265593
            ],
            [
              -122.40322173,
              43.11238915
            ],
            [
              -122.40569324,
              43.09212898
            ],
            [
              -122.41292453,
              43.07249071
            ],
            [
              -122.42469179,
              43.05407017
            ],
            [
              -122.44063446,
              43.03742575
            ],
            [
              -122.46026654,
              43.02306157
            ],
            [
              -122.48299153,
              43.01141236
            ],
            [
              -122.50812058,
              43.00283046
            ],
            [
              -122.5348932,
              42.99757534
            ],
            [
              -122.5625,
              42.99580581
            ],
            [
              -122.5901068,
              42.99757534
            ],
            [
              -122.61687942,
              43.00283046
            ],
            [
              -122.64200847,
              43.01141236
            ],
            [
              -122.66473346,
              43.02306157
            ],
            [
              -122.68436554,
              43.03742575
            ],
            [
              -122.70030821,
              43.05407017
            ],
            [
              -122.71207547,
              43.07249071
            ],
            [
              -122.71930676,
              43.09212898
            ],
            [
              -122.72177827,
              43.11238915
            ],
            [
              -122.71941026,
              43.13265593
            ],
            [
              -122.71226998,
              43.15231324
            ],
            [
              -122.70057028,
              43.17076295
            ],
            [
              -122.68466356,
              43.18744316
            ],
            [
              -122.66503148,
              43.20184543
            ],
            [
              -122.64227054,
              43.21353043
            ],
            [
              -122.61707393,
              43.22214149
            ],
            [
              -122.5902103,
              43.22741566
            ],
            [
              -122.5625,
              43.2291918
            ]
          ]
        ]
      },
      "properties": {
        "description": "35NM SE ROSEBURG, OR, Friday, July 24, 2026 through Friday, August 7, 2026 UTC",
        "notam": "6_8423",
        "dateIssued": "2026-07-24T15:52:41",
        "dateEffective": "2026-07-24T16:00:00",
        "dateExpire": "2026-08-07T04:00:00",
        "upperVal": 9500,
        "lowerVal": 0,
        "facility": "ZSE",
        "type": "HAZARDS"
      }
    },
    {
      "type": "Feature",
      "geometry": {
        "type": "Polygon",
        "coordinates": [
          [
            [
              -81.435,
              30.32166667
            ],
            [
              -81.4341697,
              30.32173249
            ],
            [
              -81.42713477,
              30.32126255
            ],
            [
              -81.42007941,
              30.32132594
            ],
            [
              -81.41305721,
              30.32192217
            ],
            [
              -81.40612148,
              30.32304673
            ],
            [
              -81.39932491,
              30.32469105
            ],
            [
              -81.39271913,
              30.32684267
            ],
            [
              -81.38635433,
              30.32948523
            ],
            [
              -81.38027887,
              30.33259866
            ],
            [
              -81.37453893,
              30.33615931
            ],
            [
              -81.36917817,
              30.34014012
            ],
            [
              -81.36423736,
              30.34451086
            ],
            [
              -81.3597541,
              30.34923829
            ],
            [
              -81.35576255,
              30.3542865
            ],
            [
              -81.35229312,
              30.35961711
            ],
            [
              -81.34937227,
              30.36518959
            ],
            [
              -81.34702231,
              30.37096156
            ],
            [
              -81.34526121,
              30.37688914
            ],
            [
              -81.34410248,
              30.38292723
            ],
            [
              -81.34355504,
              30.38902989
            ],
            [
              -81.34362317,
              30.39515069
            ],
            [
              -81.34430647,
              30.40124305
            ],
            [
              -81.34559985,
              30.40726058
            ],
            [
              -81.34749357,
              30.41315747
            ],
            [
              -81.34997333,
              30.41888883
            ],
            [
              -81.35302033,
              30.42441099
            ],
            [
              -81.35661145,
              30.42968189
            ],
            [
              -81.36071943,
              30.43466137
            ],
            [
              -81.36531304,
              30.4393115
            ],
            [
              -81.37035733,
              30.44359683
            ],
            [
              -81.37581391,
              30.4474847
            ],
            [
              -81.38164123,
              30.45094547
            ],
            [
              -81.38779491,
              30.45395276
            ],
            [
              -81.39422804,
              30.45648363
            ],
            [
              -81.40089159,
              30.4585188
            ],
            [
              -81.40773477,
              30.46004274
            ],
            [
              -81.41470538,
              30.46104382
            ],
            [
              -81.42175026,
              30.46151442
            ],
            [
              -81.4288157,
              30.46145094
            ],
            [
              -81.4358478,
              30.46085387
            ],
            [
              -81.44279292,
              30.45972777
            ],
            [
              -81.44959812,
              30.45808121
            ],
            [
              -81.45621148,
              30.45592676
            ],
            [
              -81.46258261,
              30.45328085
            ],
            [
              -81.46866293,
              30.45016364
            ],
            [
              -81.47440612,
              30.44659892
            ],
            [
              -81.47976843,
              30.44261385
            ],
            [
              -81.48470903,
              30.43823881
            ],
            [
              -81.48919032,
              30.43350716
            ],
            [
              -81.49317823,
              30.42845493
            ],
            [
              -81.49664244,
              30.42312064
            ],
            [
              -81.49955665,
              30.41754493
            ],
            [
              -81.50189875,
              30.41177025
            ],
            [
              -81.50361111,
              30.40583333
            ],
            [
              -81.435,
              30.32166667
            ]
          ]
        ]
      },
      "properties": {
        "description": "MAYPORT, FL, Monday, July 27, 2026 through Saturday, August 1, 2026 Local",
        "notam": "6_8418",
        "dateIssued": "2026-07-24T15:11:59",
        "dateEffective": "2026-07-27T12:30:00",
        "dateExpire": "2026-08-01T06:00:00",
        "upperVal": 2500,
        "lowerVal": 0,
        "facility": "ZJX",
        "type": "SECURITY"
      }
    },
    {
      "type": "Feature",
      "geometry": {
        "type": "Polygon",
        "coordinates": [
          [
            [
              -81.425,
              30.31472222
            ],
            [
              -81.47722222,
              30.37555556
            ],
            [
              -81.28527778,
              30.5725
            ],
            [
              -81.21888889,
              30.52472222
            ],
            [
              -81.18972222,
              30.52444444
            ],
            [
              -81.1825,
              30.5
            ],
            [
              -81.16055556,
              30.45583333
            ],
            [
              -81.15027778,
              30.42166667
            ],
            [
              -81.29888889,
              30.41916667
            ],
            [
              -81.425,
              30.31472222
            ]
          ]
        ]
      },
      "properties": {
        "description": "MAYPORT, FL, Monday, July 27, 2026 through Saturday, August 1, 2026 Local",
        "notam": "6_8418",
        "dateIssued": "2026-07-24T15:11:59",
        "dateEffective": "2026-07-27T12:30:00",
        "dateExpire": "2026-08-01T06:00:00",
        "upperVal": 2500,
        "lowerVal": 0,
        "facility": "ZJX",
        "type": "SECURITY"
      }
    },
    {
      "type": "Feature",
      "geometry": {
        "type": "Polygon",
        "coordinates": [
          [
            [
              -81.425,
              30.31472222
            ],
            [
              -81.53527778,
              30.22555556
            ],
            [
              -81.57833333,
              30.27055556
            ],
            [
              -81.51138889,
              30.33805556
            ],
            [
              -81.49416667,
              30.32333333
            ],
            [
              -81.45638889,
              30.35138889
            ],
            [
              -81.425,
              30.31472222
            ]
          ]
        ]
      },
      "properties": {
        "description": "MAYPORT, FL, Monday, July 27, 2026 through Saturday, August 1, 2026 Local",
        "notam": "6_8418",
        "dateIssued": "2026-07-24T15:11:59",
        "dateEffective": "2026-07-27T12:30:00",
        "dateExpire": "2026-08-01T06:00:00",
        "upperVal": 2500,
        "lowerVal": 0,
        "facility": "ZJX",
        "type": "SECURITY"
      }
    },
    {
      "type": "Feature",
      "geometry": {
        "type": "Polygon",
        "coordinates": [
          [
            [
              -81.49416667,
              30.32333333
            ],
            [
              -81.51138889,
              30.33805556
            ],
            [
              -81.47722222,
              30.37555556
            ],
            [
              -81.45638889,
              30.35138889
            ],
            [
              -81.49416667,
              30.32333333
            ]
          ]
        ]
      },
      "properties": {
        "description": "MAYPORT, FL, Monday, July 27, 2026 through Saturday, August 1, 2026 Local",
        "notam": "6_8418",
        "dateIssued": "2026-07-24T15:11:59",
        "dateEffective": "2026-07-27T12:30:00",
        "dateExpire": "2026-08-01T06:00:00",
        "upperVal": 2500,
        "lowerVal": 0,
        "facility": "ZJX",
        "type": "SECURITY"
      }
    },
    {
      "type": "Feature",
      "geometry": {
        "type": "Polygon",
        "coordinates": [
          [
            [
              -74.26777778,
              41.59587487
            ],
            [
              -74.24849154,
              41.59460661
            ],
            [
              -74.2297935,
              41.59084052
            ],
            [
              -74.21225375,
              41.58469144
            ],
            [
              -74.19640664,
              41.57634683
            ],
            [
              -74.18273445,
              41.56606105
            ],
            [
              -74.17165259,
              41.55414743
            ],
            [
              -74.16349701,
              41.54096876
            ],
            [
              -74.15851406,
              41.52692609
            ],
            [
              -74.15685322,
              41.51244651
            ],
            [
              -74.15856274,
              41.49797012
            ],
            [
              -74.1635885,
              41.48393663
            ],
            [
              -74.17177585,
              41.47077203
            ],
            [
              -74.18287462,
              41.45887567
            ],
            [
              -74.19654681,
              41.44860825
            ],
            [
              -74.21237701,
              41.44028091
            ],
            [
              -74.22988499,
              41.43414589
            ],
            [
              -74.24854022,
              41.43038898
            ],
            [
              -74.26777778,
              41.42912391
            ],
            [
              -74.28701534,
              41.43038898
            ],
            [
              -74.30567057,
              41.43414589
            ],
            [
              -74.32317855,
              41.44028091
            ],
            [
              -74.33900875,
              41.44860825
            ],
            [
              -74.35268094,
              41.45887567
            ],
            [
              -74.36377971,
              41.47077203
            ],
            [
              -74.37196706,
              41.48393663
            ],
            [
              -74.37699282,
              41.49797012
            ],
            [
              -74.37870234,
              41.51244651
            ],
            [
              -74.3770415,
              41.52692609
            ],
            [
              -74.37205855,
              41.54096876
            ],
            [
              -74.36390297,
              41.55414743
            ],
            [
              -74.35282111,
              41.56606105
            ],
            [
              -74.33914892,
              41.57634683
            ],
            [
              -74.32330181,
              41.58469144
            ],
            [
              -74.30576206,
              41.59084052
            ],
            [
              -74.28706402,
              41.59460661
            ],
            [
              -74.26777778,
              41.59587487
            ]
          ]
        ]
      },
      "properties": {
        "description": "Montgomery, NY, Tuesday, July 28, 2026 through Sunday, August 2, 2026 UTC",
        "notam": "6_8401",
        "dateIssued": "2026-07-24T13:27:27",
        "dateEffective": "2026-07-28T19:30:00",
        "dateExpire": "2026-08-02T21:00:00",
        "upperVal": 15000,
        "lowerVal": 0,
        "facility": "ZBW",
        "type": "AIR SHOWS/SPORTS"
      }
    },
    {
      "type": "Feature",
      "geometry": {
        "type": "Polygon",
        "coordinates": [
          [
            [
              -74.26777778,
              41.59587487
            ],
            [
              -74.24849154,
              41.59460661
            ],
            [
              -74.2297935,
              41.59084052
            ],
            [
              -74.21225375,
              41.58469144
            ],
            [
              -74.19640664,
              41.57634683
            ],
            [
              -74.18273445,
              41.56606105
            ],
            [
              -74.17165259,
              41.55414743
            ],
            [
              -74.16349701,
              41.54096876
            ],
            [
              -74.15851406,
              41.52692609
            ],
            [
              -74.15685322,
              41.51244651
            ],
            [
              -74.15856274,
              41.49797012
            ],
            [
              -74.1635885,
              41.48393663
            ],
            [
              -74.17177585,
              41.47077203
            ],
            [
              -74.18287462,
              41.45887567
            ],
            [
              -74.19654681,
              41.44860825
            ],
            [
              -74.21237701,
              41.44028091
            ],
            [
              -74.22988499,
              41.43414589
            ],
            [
              -74.24854022,
              41.43038898
            ],
            [
              -74.26777778,
              41.42912391
            ],
            [
              -74.28701534,
              41.43038898
            ],
            [
              -74.30567057,
              41.43414589
            ],
            [
              -74.32317855,
              41.44028091
            ],
            [
              -74.33900875,
              41.44860825
            ],
            [
              -74.35268094,
              41.45887567
            ],
            [
              -74.36377971,
              41.47077203
            ],
            [
              -74.37196706,
              41.48393663
            ],
            [
              -74.37699282,
              41.49797012
            ],
            [
              -74.37870234,
              41.51244651
            ],
            [
              -74.3770415,
              41.52692609
            ],
            [
              -74.37205855,
              41.54096876
            ],
            [
              -74.36390297,
              41.55414743
            ],
            [
              -74.35282111,
              41.56606105
            ],
            [
              -74.33914892,
              41.57634683
            ],
            [
              -74.32330181,
              41.58469144
            ],
            [
              -74.30576206,
              41.59084052
            ],
            [
              -74.28706402,
              41.59460661
            ],
            [
              -74.26777778,
              41.59587487
            ]
          ]
        ]
      },
      "properties": {
        "description": "Montgomery, NY, Tuesday, July 28, 2026 through Sunday, August 2, 2026 UTC",
        "notam": "6_8398",
        "dateIssued": "2026-07-24T13:23:10",
        "dateEffective": "2026-07-28T19:30:00",
        "dateExpire": "2026-08-02T21:00:00",
        "upperVal": 15000,
        "lowerVal": 0,
        "facility": "ZNY",
        "type": "AIR SHOWS/SPORTS"
      }
    },
    {
      "type": "Feature",
      "geometry": {
        "type": "Polygon",
        "coordinates": [
          [
            [
              -120.0,
              44.15
            ],
            [
              -119.81666667,
              44.08333333
            ],
            [
              -119.76666667,
              43.975
            ],
            [
              -119.775,
              43.94444444
            ],
            [
              -120.0375,
              43.875
            ],
            [
              -120.08333333,
              44.0
            ],
            [
              -120.0,
              44.15
            ]
          ]
        ]
      },
      "properties": {
        "description": "45NM NW BURNS, OR, Thursday, July 23, 2026 through Thursday, August 6, 2026 UTC",
        "notam": "6_8112",
        "dateIssued": "2026-07-23T16:55:51",
        "dateEffective": "2026-07-23T17:45:00",
        "dateExpire": "2026-08-06T04:00:00",
        "upperVal": 11000,
        "lowerVal": 0,
        "facility": "ZSE",
        "type": "HAZARDS"
      }
    },
    {
      "type": "Feature",
      "geometry": {
        "type": "Polygon",
        "coordinates": [
          [
            [
              -121.30416667,
              47.4875
            ],
            [
              -121.20416667,
              47.5
            ],
            [
              -121.15416667,
              47.425
            ],
            [
              -121.25833333,
              47.35833333
            ],
            [
              -121.30833333,
              47.35833333
            ],
            [
              -121.30416667,
              47.4875
            ]
          ]
        ]
      },
      "properties": {
        "description": "19NM NW CLE ELUM, WA, Thursday, July 23, 2026 through Wednesday, August 5, 2026 UTC",
        "notam": "6_8043",
        "dateIssued": "2026-07-23T02:14:50",
        "dateEffective": "2026-07-23T02:01:00",
        "dateExpire": "2026-08-05T04:00:00",
        "upperVal": 8500,
        "lowerVal": 0,
        "facility": "ZSE",
        "type": "HAZARDS"
      }
    },
    {
      "type": "Feature",
      "geometry": {
        "type": "Polygon",
        "coordinates": [
          [
            [
              -121.1,
              49.0
            ],
            [
              -120.91666667,
              49.0
            ],
            [
              -120.91666667,
              48.83333333
            ],
            [
              -121.1,
              48.83333333
            ],
            [
              -121.1,
              49.0
            ]
          ]
        ]
      },
      "properties": {
        "description": "47NM NE BELLINGHAM, WA, Wednesday, July 22, 2026 through Tuesday, August 4, 2026 UTC",
        "notam": "6_7722",
        "dateIssued": "2026-07-22T14:38:21",
        "dateEffective": "2026-07-22T00:57:00",
        "dateExpire": "2026-08-04T05:00:00",
        "upperVal": 12000,
        "lowerVal": 0,
        "facility": "ZSE",
        "type": "HAZARDS"
      }
    },
    {
      "type": "Feature",
      "geometry": {
        "type": "Polygon",
        "coordinates": [
          [
            [
              -106.49166667,
              39.2
            ],
            [
              -106.46666667,
              39.30833333
            ],
            [
              -106.35,
              39.30833333
            ],
            [
              -106.35,
              39.1
            ],
            [
              -106.49166667,
              39.1
            ],
            [
              -106.49166667,
              39.2
            ]
          ]
        ]
      },
      "properties": {
        "description": "3NM W LEADVILLE, CO, Wednesday, July 22, 2026 through Wednesday, August 5, 2026 UTC",
        "notam": "6_7604",
        "dateIssued": "2026-07-22T01:59:19",
        "dateEffective": "2026-07-22T03:00:00",
        "dateExpire": "2026-08-05T04:00:00",
        "upperVal": 17000,
        "lowerVal": 0,
        "facility": "ZDV",
        "type": "HAZARDS"
      }
    },
    {
      "type": "Feature",
      "geometry": {
        "type": "Polygon",
        "coordinates": [
          [
            [
              -118.4625,
              44.82916667
            ],
            [
              -118.36666667,
              44.78333333
            ],
            [
              -118.50416667,
              44.675
            ],
            [
              -118.60833333,
              44.72083333
            ],
            [
              -118.61666667,
              44.7875
            ],
            [
              -118.4625,
              44.82916667
            ]
          ]
        ]
      },
      "properties": {
        "description": "25NM NE JOHN DAY, OR, Wednesday, July 22, 2026 through Wednesday, August 5, 2026 UTC",
        "notam": "6_7603",
        "dateIssued": "2026-07-22T00:53:07",
        "dateEffective": "2026-07-22T14:00:00",
        "dateExpire": "2026-08-05T05:00:00",
        "upperVal": 11000,
        "lowerVal": 0,
        "facility": "ZLC",
        "type": "HAZARDS"
      }
    },
    {
      "type": "Feature",
      "geometry": {
        "type": "Polygon",
        "coordinates": [
          [
            [
              -118.4625,
              44.82916667
            ],
            [
              -118.36666667,
              44.78333333
            ],
            [
              -118.50416667,
              44.675
            ],
            [
              -118.60833333,
              44.72083333
            ],
            [
              -118.61666667,
              44.7875
            ],
            [
              -118.4625,
              44.82916667
            ]
          ]
        ]
      },
      "properties": {
        "description": "25NM NE JOHN DAY, OR, Wednesday, July 22, 2026 through Wednesday, August 5, 2026 UTC",
        "notam": "6_7602",
        "dateIssued": "2026-07-22T00:45:33",
        "dateEffective": "2026-07-22T14:00:00",
        "dateExpire": "2026-08-05T05:00:00",
        "upperVal": 11000,
        "lowerVal": 0,
        "facility": "ZSE",
        "type": "HAZARDS"
      }
    },
    {
      "type": "Feature",
      "geometry": {
        "type": "Polygon",
        "coordinates": [
          [
            [
              -117.25,
              45.88330405
            ],
            [
              -117.22100067,
              45.88152841
            ],
            [
              -117.19288786,
              45.87625577
            ],
            [
              -117.16652051,
              45.86764728
            ],
            [
              -117.14270328,
              45.85596598
            ],
            [
              -117.12216171,
              45.84156856
            ],
            [
              -117.1055199,
              45.82489437
            ],
            [
              -117.09328162,
              45.80645184
            ],
            [
              -117.08581518,
              45.78680277
            ],
            [
              -117.08334271,
              45.76654512
            ],
            [
              -117.08593397,
              45.74629473
            ],
            [
              -117.09350488,
              45.72666656
            ],
            [
              -117.1058207,
              45.70825604
            ],
            [
              -117.12250376,
              45.69162114
            ],
            [
              -117.14304534,
              45.67726552
            ],
            [
              -117.16682131,
              45.66562348
            ],
            [
              -117.19311112,
              45.65704702
            ],
            [
              -117.22111946,
              45.65179528
            ],
            [
              -117.25,
              45.65002689
            ],
            [
              -117.27888054,
              45.65179528
            ],
            [
              -117.30688888,
              45.65704702
            ],
            [
              -117.33317869,
              45.66562348
            ],
            [
              -117.35695466,
              45.67726552
            ],
            [
              -117.37749624,
              45.69162114
            ],
            [
              -117.3941793,
              45.70825604
            ],
            [
              -117.40649512,
              45.72666656
            ],
            [
              -117.41406603,
              45.74629473
            ],
            [
              -117.41665729,
              45.76654512
            ],
            [
              -117.41418482,
              45.78680277
            ],
            [
              -117.40671838,
              45.80645184
            ],
            [
              -117.3944801,
              45.82489437
            ],
            [
              -117.37783829,
              45.84156856
            ],
            [
              -117.35729672,
              45.85596598
            ],
            [
              -117.33347949,
              45.86764728
            ],
            [
              -117.30711214,
              45.87625577
            ],
            [
              -117.27899933,
              45.88152841
            ],
            [
              -117.25,
              45.88330405
            ]
          ]
        ]
      },
      "properties": {
        "description": "20NM N ENTERPRISE, OR, Tuesday, July 21, 2026 through Tuesday, August 4, 2026 UTC",
        "notam": "6_7243",
        "dateIssued": "2026-07-21T03:24:16",
        "dateEffective": "2026-07-21T14:00:00",
        "dateExpire": "2026-08-04T05:00:00",
        "upperVal": 9500,
        "lowerVal": 0,
        "facility": "ZSE",
        "type": "HAZARDS"
      }
    },
    {
      "type": "Feature",
      "geometry": {
        "type": "Polygon",
        "coordinates": [
          [
            [
              -92.25,
              48.15
            ],
            [
              -91.75,
              48.15
            ],
            [
              -91.75,
              48.05
            ],
            [
              -91.65,
              48.05
            ],
            [
              -91.65,
              47.96666667
            ],
            [
              -91.8,
              47.96666667
            ],
            [
              -91.8,
              48.08333333
            ],
            [
              -92.25,
              48.08333333
            ],
            [
              -92.25,
              48.15
            ]
          ]
        ]
      },
      "properties": {
        "description": "20NM N ELY, MN, Tuesday, July 21, 2026 through Monday, August 3, 2026 UTC",
        "notam": "6_7199",
        "dateIssued": "2026-07-21T00:05:59",
        "dateEffective": "2026-07-21T14:00:00",
        "dateExpire": "2026-08-03T02:00:00",
        "upperVal": 7000,
        "lowerVal": 0,
        "facility": "ZMP",
        "type": "HAZARDS"
      }
    },
    {
      "type": "Feature",
      "geometry": {
        "type": "Polygon",
        "coordinates": [
          [
            [
              -117.975,
              46.06664282
            ],
            [
              -117.95421753,
              46.06537528
            ],
            [
              -117.93406931,
              46.06161135
            ],
            [
              -117.91516996,
              46.05546589
            ],
            [
              -117.89809555,
              46.04712636
            ],
            [
              -117.88336583,
              46.03684707
            ],
            [
              -117.87142834,
              46.02494132
            ],
            [
              -117.86264483,
              46.01177179
            ],
            [
              -117.85728036,
              45.99773934
            ],
            [
              -117.85549548,
              45.98327085
            ],
            [
              -117.85734167,
              45.96880609
            ],
            [
              -117.86276005,
              45.9547844
            ],
            [
              -117.87158358,
              45.94163132
            ],
            [
              -117.88354235,
              45.92974576
            ],
            [
              -117.89827207,
              45.91948796
            ],
            [
              -117.91532519,
              45.91116862
            ],
            [
              -117.93418453,
              45.90503962
            ],
            [
              -117.95427884,
              45.90128643
            ],
            [
              -117.975,
              45.90002263
            ],
            [
              -117.99572116,
              45.90128643
            ],
            [
              -118.01581547,
              45.90503962
            ],
            [
              -118.03467481,
              45.91116862
            ],
            [
              -118.05172793,
              45.91948796
            ],
            [
              -118.06645765,
              45.92974576
            ],
            [
              -118.07841642,
              45.94163132
            ],
            [
              -118.08723995,
              45.9547844
            ],
            [
              -118.09265833,
              45.96880609
            ],
            [
              -118.09450452,
              45.98327085
            ],
            [
              -118.09271964,
              45.99773934
            ],
            [
              -118.08735517,
              46.01177179
            ],
            [
              -118.07857166,
              46.02494132
            ],
            [
              -118.06663417,
              46.03684707
            ],
            [
              -118.05190445,
              46.04712636
            ],
            [
              -118.03483004,
              46.05546589
            ],
            [
              -118.01593069,
              46.06161135
            ],
            [
              -117.99578247,
              46.06537528
            ],
            [
              -117.975,
              46.06664282
            ]
          ]
        ]
      },
      "properties": {
        "description": "39NM NE PENDLETON, OR, Monday, July 20, 2026 through Tuesday, August 4, 2026 UTC",
        "notam": "6_6868",
        "dateIssued": "2026-07-20T04:17:06",
        "dateEffective": "2026-07-20T14:00:00",
        "dateExpire": "2026-08-04T04:00:00",
        "upperVal": 9000,
        "lowerVal": 0,
        "facility": "ZSE",
        "type": "HAZARDS"
      }
    },
    {
      "type": "Feature",
      "geometry": {
        "type": "Polygon",
        "coordinates": [
          [
            [
              -120.46666667,
              44.16667259
            ],
            [
              -120.43852127,
              44.16489663
            ],
            [
              -120.41123599,
              44.15962301
            ],
            [
              -120.38564421,
              44.15101287
            ],
            [
              -120.36252672,
              44.13932919
            ],
            [
              -120.34258763,
              44.12492865
            ],
            [
              -120.32643277,
              44.10825059
            ],
            [
              -120.31455125,
              44.08980343
            ],
            [
              -120.30730085,
              44.07014904
            ],
            [
              -120.30489756,
              44.04988548
            ],
            [
              -120.30740947,
              44.02962876
            ],
            [
              -120.31475537,
              44.00999404
            ],
            [
              -120.32670779,
              43.99157703
            ],
            [
              -120.34290037,
              43.97493595
            ],
            [
              -120.36283946,
              43.96057477
            ],
            [
              -120.38591923,
              43.94892808
            ],
            [
              -120.41144012,
              43.94034808
            ],
            [
              -120.43862989,
              43.93509415
            ],
            [
              -120.46666667,
              43.93332502
            ],
            [
              -120.49470345,
              43.93509415
            ],
            [
              -120.52189322,
              43.94034808
            ],
            [
              -120.54741411,
              43.94892808
            ],
            [
              -120.57049387,
              43.96057477
            ],
            [
              -120.59043296,
              43.97493595
            ],
            [
              -120.60662554,
              43.99157703
            ],
            [
              -120.61857796,
              44.00999404
            ],
            [
              -120.62592387,
              44.02962876
            ],
            [
              -120.62843578,
              44.04988548
            ],
            [
              -120.62603248,
              44.07014904
            ],
            [
              -120.61878209,
              44.08980343
            ],
            [
              -120.60690056,
              44.10825059
            ],
            [
              -120.5907457,
              44.12492865
            ],
            [
              -120.57080662,
              44.13932919
            ],
            [
              -120.54768913,
              44.15101287
            ],
            [
              -120.52209734,
              44.15962301
            ],
            [
              -120.49481206,
              44.16489663
            ],
            [
              -120.46666667,
              44.16667259
            ]
          ]
        ]
      },
      "properties": {
        "description": "23NM SE PRINEVILLE, OR, Sunday, July 19, 2026 through Monday, August 3, 2026 UTC",
        "notam": "6_6812",
        "dateIssued": "2026-07-19T23:27:49",
        "dateEffective": "2026-07-19T23:08:00",
        "dateExpire": "2026-08-03T03:00:00",
        "upperVal": 11000,
        "lowerVal": 0,
        "facility": "ZSE",
        "type": "HAZARDS"
      }
    },
    {
      "type": "Feature",
      "geometry": {
        "type": "Polygon",
        "coordinates": [
          [
            [
              -122.05333333,
              38.06194444
            ],
            [
              -121.98305556,
              38.06277778
            ],
            [
              -121.9825,
              38.03611111
            ],
            [
              -122.05277778,
              38.03527778
            ],
            [
              -122.05333333,
              38.06194444
            ]
          ]
        ]
      },
      "properties": {
        "description": "Concord, CA, Monday, July 20, 2026 through Tuesday, September 15, 2026 Local",
        "notam": "6_6491",
        "dateIssued": "2026-07-17T18:05:07",
        "dateEffective": "2026-07-20T07:01:00",
        "dateExpire": "2026-09-16T06:59:00",
        "upperVal": 1499,
        "lowerVal": 0,
        "facility": "ZOA",
        "type": "SECURITY"
      }
    },
    {
      "type": "Feature",
      "geometry": {
        "type": "Polygon",
        "coordinates": [
          [
            [
              -115.85416667,
              33.10972222
            ],
            [
              -115.76111111,
              33.02222222
            ],
            [
              -116.03833333,
              33.02222222
            ],
            [
              -115.94805556,
              33.10972222
            ],
            [
              -115.85416667,
              33.10972222
            ]
          ]
        ]
      },
      "properties": {
        "description": "El Centro, CA, Wednesday, July 15, 2026 through Tuesday, July 13, 2027 Local",
        "notam": "6_4812",
        "dateIssued": "2026-07-10T17:16:07",
        "dateEffective": "2026-07-15T07:00:00",
        "dateExpire": "2027-07-14T06:59:00",
        "upperVal": 17999,
        "lowerVal": 15000,
        "facility": "ZLA",
        "type": "SECURITY"
      }
    },
    {
      "type": "Feature",
      "geometry": {
        "type": "Polygon",
        "coordinates": [
          [
            [
              -149.23361111,
              64.23611111
            ],
            [
              -149.25361111,
              64.21138889
            ],
            [
              -149.26832753,
              64.21015549
            ],
            [
              -149.28318711,
              64.20936222
            ],
            [
              -149.29814845,
              64.20913463
            ],
            [
              -149.31309861,
              64.20947444
            ],
            [
              -149.32792471,
              64.21037908
            ],
            [
              -149.34,
              64.21138889
            ],
            [
              -149.29861111,
              64.23305556
            ],
            [
              -149.29223923,
              64.23248967
            ],
            [
              -149.28228289,
              64.23214041
            ],
            [
              -149.27229455,
              64.2321695
            ],
            [
              -149.26234982,
              64.23257674
            ],
            [
              -149.25252398,
              64.23335903
            ],
            [
              -149.24289144,
              64.23451045
            ],
            [
              -149.23361111,
              64.23611111
            ]
          ]
        ]
      },
      "properties": {
        "description": "Clear, AK",
        "notam": "6_3002",
        "dateIssued": "2026-07-05T20:43:49",
        "dateEffective": "2026-07-07T10:00:00",
        "dateExpire": "2026-11-01T10:00:00",
        "upperVal": 43000,
        "lowerVal": 1500,
        "facility": "ZAN",
        "type": "SECURITY"
      }
    },
    {
      "type": "Feature",
      "geometry": {
        "type": "Polygon",
        "coordinates": [
          [
            [
              -149.34,
              64.21138889
            ],
            [
              -149.35422549,
              64.2134499
            ],
            [
              -149.36810497,
              64.21589686
            ],
            [
              -149.38144475,
              64.21886015
            ],
            [
              -149.39414385,
              64.22231738
            ],
            [
              -149.40610601,
              64.22624241
            ],
            [
              -149.41724046,
              64.23060555
            ],
            [
              -149.42746255,
              64.23537381
            ],
            [
              -149.43669443,
              64.2405111
            ],
            [
              -149.44486561,
              64.2459785
            ],
            [
              -149.45191353,
              64.25173459
            ],
            [
              -149.45778404,
              64.25773573
            ],
            [
              -149.46243183,
              64.26393639
            ],
            [
              -149.46582079,
              64.27028949
            ],
            [
              -149.46792428,
              64.27674678
            ],
            [
              -149.46872542,
              64.28325916
            ],
            [
              -149.46821719,
              64.2897771
            ],
            [
              -149.46640254,
              64.29625097
            ],
            [
              -149.46329438,
              64.30263145
            ],
            [
              -149.45891551,
              64.30886992
            ],
            [
              -149.4532985,
              64.31491876
            ],
            [
              -149.44648541,
              64.32073183
            ],
            [
              -149.43852757,
              64.32626469
            ],
            [
              -149.42948511,
              64.33147508
            ],
            [
              -149.41942661,
              64.33632315
            ],
            [
              -149.40842851,
              64.34077179
            ],
            [
              -149.40083333,
              64.34361111
            ],
            [
              -149.40107761,
              64.35160717
            ],
            [
              -149.4005971,
              64.3595753
            ],
            [
              -149.39851482,
              64.36749495
            ],
            [
              -149.39484526,
              64.37530575
            ],
            [
              -149.38961507,
              64.38294816
            ],
            [
              -149.38286289,
              64.39036385
            ],
            [
              -149.37463909,
              64.39749616
            ],
            [
              -149.3650054,
              64.40429059
            ],
            [
              -149.35403452,
              64.41069515
            ],
            [
              -149.34180952,
              64.41666081
            ],
            [
              -149.32842329,
              64.42214188
            ],
            [
              -149.31397776,
              64.42709633
            ],
            [
              -149.2985832,
              64.43148616
            ],
            [
              -149.28235731,
              64.4352777
            ],
            [
              -149.28111111,
              64.43583333
            ],
            [
              -149.25833333,
              64.39888889
            ],
            [
              -149.26290036,
              64.39797784
            ],
            [
              -149.27440953,
              64.39501037
            ],
            [
              -149.28527453,
              64.39161934
            ],
            [
              -149.29541244,
              64.38783072
            ],
            [
              -149.304746,
              64.38367348
            ],
            [
              -149.3132042,
              64.37917943
            ],
            [
              -149.32072281,
              64.37438293
            ],
            [
              -149.32724488,
              64.36932063
            ],
            [
              -149.33272117,
              64.36403119
            ],
            [
              -149.33711049,
              64.35855498
            ],
            [
              -149.34038001,
              64.35293379
            ],
            [
              -149.34250549,
              64.34721046
            ],
            [
              -149.34347146,
              64.34142861
            ],
            [
              -149.34327129,
              64.33563226
            ],
            [
              -149.34190724,
              64.32986551
            ],
            [
              -149.33944444,
              64.32416667
            ],
            [
              -149.34333339,
              64.32293883
            ],
            [
              -149.3513163,
              64.3203107
            ],
            [
              -149.35873933,
              64.31739032
            ],
            [
              -149.36554595,
              64.3142
            ],
            [
              -149.37168438,
              64.3107641
            ],
            [
              -149.37710802,
              64.30710887
            ],
            [
              -149.38177575,
              64.30326219
            ],
            [
              -149.38565228,
              64.29925343
            ],
            [
              -149.38870841,
              64.29511316
            ],
            [
              -149.3909212,
              64.29087293
            ],
            [
              -149.39227419,
              64.28656505
            ],
            [
              -149.39275747,
              64.28222234
            ],
            [
              -149.39236779,
              64.27787785
            ],
            [
              -149.3911085,
              64.27356464
            ],
            [
              -149.38898959,
              64.26931552
            ],
            [
              -149.38602757,
              64.26516278
            ],
            [
              -149.38224531,
              64.26113798
            ],
            [
              -149.37767189,
              64.25727169
            ],
            [
              -149.37234236,
              64.25359327
            ],
            [
              -149.36629745,
              64.25013062
            ],
            [
              -149.35958327,
              64.24691002
            ],
            [
              -149.35225097,
              64.24395588
            ],
            [
              -149.34435631,
              64.2412906
            ],
            [
              -149.33595928,
              64.23893439
            ],
            [
              -149.32712362,
              64.23690508
            ],
            [
              -149.31791634,
              64.23521806
            ],
            [
              -149.30840722,
              64.2338861
            ],
            [
              -149.29861111,
              64.23305556
            ],
            [
              -149.34,
              64.21138889
            ]
          ]
        ]
      },
      "properties": {
        "description": "Clear, AK",
        "notam": "6_3002",
        "dateIssued": "2026-07-05T20:43:49",
        "dateEffective": "2026-07-07T10:00:00",
        "dateExpire": "2026-11-01T10:00:00",
        "upperVal": 43000,
        "lowerVal": 1500,
        "facility": "ZAN",
        "type": "SECURITY"
      }
    },
    {
      "type": "Feature",
      "geometry": {
        "type": "Polygon",
        "coordinates": [
          [
            [
              -149.28111111,
              64.43583333
            ],
            [
              -149.2638542,
              64.43869752
            ],
            [
              -149.24629812,
              64.44114965
            ],
            [
              -149.22831158,
              64.44292928
            ],
            [
              -149.21003274,
              64.44402271
            ],
            [
              -149.19160205,
              64.44442156
            ],
            [
              -149.17316119,
              64.44412275
            ],
            [
              -149.15485189,
              64.44312858
            ],
            [
              -149.13681486,
              64.44144669
            ],
            [
              -149.11918864,
              64.43909001
            ],
            [
              -149.10210854,
              64.43607664
            ],
            [
              -149.08570555,
              64.43242972
            ],
            [
              -149.0701053,
              64.42817727
            ],
            [
              -149.05542714,
              64.4233519
            ],
            [
              -149.04178315,
              64.41799065
            ],
            [
              -149.02927728,
              64.4121346
            ],
            [
              -149.01800461,
              64.40582864
            ],
            [
              -149.00805058,
              64.39912103
            ],
            [
              -148.99949035,
              64.39206311
            ],
            [
              -148.99238828,
              64.38470884
            ],
            [
              -148.98679744,
              64.37711439
            ],
            [
              -148.98275924,
              64.36933775
            ],
            [
              -148.98030315,
              64.36143823
            ],
            [
              -148.97944654,
              64.35347602
            ],
            [
              -148.98019452,
              64.34551175
            ],
            [
              -148.98111111,
              64.33916667
            ],
            [
              -149.04083333,
              64.32472222
            ],
            [
              -149.03882211,
              64.32936557
            ],
            [
              -149.03735698,
              64.33512765
            ],
            [
              -149.03705512,
              64.34092318
            ],
            [
              -149.03791955,
              64.34670805
            ],
            [
              -149.03994443,
              64.35243822
            ],
            [
              -149.04311504,
              64.35807004
            ],
            [
              -149.04740791,
              64.36356057
            ],
            [
              -149.05279095,
              64.36886792
            ],
            [
              -149.05922369,
              64.37395159
            ],
            [
              -149.06665757,
              64.37877276
            ],
            [
              -149.0750363,
              64.38329458
            ],
            [
              -149.08429627,
              64.38748248
            ],
            [
              -149.09436704,
              64.39130444
            ],
            [
              -149.10517187,
              64.39473121
            ],
            [
              -149.1166283,
              64.39773656
            ],
            [
              -149.12864882,
              64.40029748
            ],
            [
              -149.14114148,
              64.40239434
            ],
            [
              -149.15401066,
              64.40401109
            ],
            [
              -149.1671578,
              64.40513532
            ],
            [
              -149.18048216,
              64.40575844
            ],
            [
              -149.19388161,
              64.40587565
            ],
            [
              -149.20725343,
              64.40548607
            ],
            [
              -149.22049513,
              64.40459267
            ],
            [
              -149.23350522,
              64.40320231
            ],
            [
              -149.24618404,
              64.40132564
            ],
            [
              -149.25833333,
              64.39888889
            ],
            [
              -149.28111111,
              64.43583333
            ]
          ]
        ]
      },
      "properties": {
        "description": "Clear, AK",
        "notam": "6_3002",
        "dateIssued": "2026-07-05T20:43:49",
        "dateEffective": "2026-07-07T10:00:00",
        "dateExpire": "2026-11-01T10:00:00",
        "upperVal": 43000,
        "lowerVal": 1500,
        "facility": "ZAN",
        "type": "SECURITY"
      }
    },
    {
      "type": "Feature",
      "geometry": {
        "type": "Polygon",
        "coordinates": [
          [
            [
              -149.19027778,
              64.28888889
            ],
            [
              -149.23361111,
              64.23611111
            ],
            [
              -149.24289144,
              64.23451045
            ],
            [
              -149.25252398,
              64.23335903
            ],
            [
              -149.26234982,
              64.23257674
            ],
            [
              -149.27229455,
              64.2321695
            ],
            [
              -149.28228289,
              64.23214041
            ],
            [
              -149.29223923,
              64.23248967
            ],
            [
              -149.3020882,
              64.23321465
            ],
            [
              -149.31175523,
              64.23430986
            ],
            [
              -149.3211671,
              64.23576701
            ],
            [
              -149.3302525,
              64.23757505
            ],
            [
              -149.33894256,
              64.23972031
            ],
            [
              -149.34717135,
              64.24218652
            ],
            [
              -149.35487638,
              64.244955
            ],
            [
              -149.36199909,
              64.24800477
            ],
            [
              -149.36848529,
              64.25131271
            ],
            [
              -149.37428554,
              64.25485373
            ],
            [
              -149.37935558,
              64.25860096
            ],
            [
              -149.38365661,
              64.26252596
            ],
            [
              -149.38715564,
              64.26659893
            ],
            [
              -149.38982573,
              64.27078893
            ],
            [
              -149.39164622,
              64.27506411
            ],
            [
              -149.39260286,
              64.27939198
            ],
            [
              -149.39268797,
              64.28373961
            ],
            [
              -149.39190049,
              64.28807392
            ],
            [
              -149.39024601,
              64.29236189
            ],
            [
              -149.38773674,
              64.29657088
            ],
            [
              -149.3843914,
              64.30066881
            ],
            [
              -149.38023515,
              64.30462442
            ],
            [
              -149.37529934,
              64.30840755
            ],
            [
              -149.36962132,
              64.31198934
            ],
            [
              -149.36324416,
              64.31534243
            ],
            [
              -149.35621631,
              64.31844123
            ],
            [
              -149.34859126,
              64.32126205
            ],
            [
              -149.3404271,
              64.32378335
            ],
            [
              -149.33944444,
              64.32416667
            ],
            [
              -149.34190724,
              64.32986551
            ],
            [
              -149.34327129,
              64.33563226
            ],
            [
              -149.34347146,
              64.34142861
            ],
            [
              -149.34250549,
              64.34721046
            ],
            [
              -149.34038001,
              64.35293379
            ],
            [
              -149.33711049,
              64.35855498
            ],
            [
              -149.33272117,
              64.36403119
            ],
            [
              -149.32724488,
              64.36932063
            ],
            [
              -149.32072281,
              64.37438293
            ],
            [
              -149.3132042,
              64.37917943
            ],
            [
              -149.304746,
              64.38367348
            ],
            [
              -149.29541244,
              64.38783072
            ],
            [
              -149.28527453,
              64.39161934
            ],
            [
              -149.27440953,
              64.39501037
            ],
            [
              -149.26290036,
              64.39797784
            ],
            [
              -149.25083496,
              64.40049902
            ],
            [
              -149.23830562,
              64.40255461
            ],
            [
              -149.22540824,
              64.40412885
            ],
            [
              -149.21224162,
              64.40520969
            ],
            [
              -149.19890663,
              64.40578883
            ],
            [
              -149.1855055,
              64.40586184
            ],
            [
              -149.17214096,
              64.40542815
            ],
            [
              -149.15891544,
              64.4044911
            ],
            [
              -149.1459303,
              64.40305786
            ],
            [
              -149.13328501,
              64.40113942
            ],
            [
              -149.12107638,
              64.39875048
            ],
            [
              -149.10939783,
              64.39590933
            ],
            [
              -149.0983386,
              64.39263775
            ],
            [
              -149.08798315,
              64.38896077
            ],
            [
              -149.07841041,
              64.38490653
            ],
            [
              -149.06969326,
              64.38050605
            ],
            [
              -149.06189793,
              64.37579298
            ],
            [
              -149.05508351,
              64.37080334
            ],
            [
              -149.04930151,
              64.36557523
            ],
            [
              -149.04459546,
              64.36014858
            ],
            [
              -149.04100063,
              64.35456478
            ],
            [
              -149.03854374,
              64.34886642
            ],
            [
              -149.03724282,
              64.34309692
            ],
            [
              -149.03710704,
              64.33730021
            ],
            [
              -149.03813671,
              64.33152043
            ],
            [
              -149.04032325,
              64.32580153
            ],
            [
              -149.04083333,
              64.32472222
            ],
            [
              -149.19027778,
              64.28888889
            ]
          ]
        ]
      },
      "properties": {
        "description": "Clear, AK",
        "notam": "6_3002",
        "dateIssued": "2026-07-05T20:43:49",
        "dateEffective": "2026-07-07T10:00:00",
        "dateExpire": "2026-11-01T10:00:00",
        "upperVal": 43000,
        "lowerVal": 1500,
        "facility": "ZAN",
        "type": "SECURITY"
      }
    },
    {
      "type": "Feature",
      "geometry": {
        "type": "Polygon",
        "coordinates": [
          [
            [
              -149.28111111,
              64.43583333
            ],
            [
              -149.2638542,
              64.43869752
            ],
            [
              -149.24629812,
              64.44114965
            ],
            [
              -149.22831158,
              64.44292928
            ],
            [
              -149.21003274,
              64.44402271
            ],
            [
              -149.19160205,
              64.44442156
            ],
            [
              -149.17316119,
              64.44412275
            ],
            [
              -149.15485189,
              64.44312858
            ],
            [
              -149.13681486,
              64.44144669
            ],
            [
              -149.11918864,
              64.43909001
            ],
            [
              -149.10210854,
              64.43607664
            ],
            [
              -149.08570555,
              64.43242972
            ],
            [
              -149.0701053,
              64.42817727
            ],
            [
              -149.05542714,
              64.4233519
            ],
            [
              -149.04178315,
              64.41799065
            ],
            [
              -149.02927728,
              64.4121346
            ],
            [
              -149.01800461,
              64.40582864
            ],
            [
              -149.00805058,
              64.39912103
            ],
            [
              -148.99949035,
              64.39206311
            ],
            [
              -148.99238828,
              64.38470884
            ],
            [
              -148.98679744,
              64.37711439
            ],
            [
              -148.98275924,
              64.36933775
            ],
            [
              -148.98030315,
              64.36143823
            ],
            [
              -148.97944654,
              64.35347602
            ],
            [
              -148.98019452,
              64.34551175
            ],
            [
              -148.98111111,
              64.33916667
            ],
            [
              -149.04083333,
              64.32472222
            ],
            [
              -149.03882211,
              64.32936557
            ],
            [
              -149.03735698,
              64.33512765
            ],
            [
              -149.03705512,
              64.34092318
            ],
            [
              -149.03791955,
              64.34670805
            ],
            [
              -149.03994443,
              64.35243822
            ],
            [
              -149.04311504,
              64.35807004
            ],
            [
              -149.04740791,
              64.36356057
            ],
            [
              -149.05279095,
              64.36886792
            ],
            [
              -149.05922369,
              64.37395159
            ],
            [
              -149.06665757,
              64.37877276
            ],
            [
              -149.0750363,
              64.38329458
            ],
            [
              -149.08429627,
              64.38748248
            ],
            [
              -149.09436704,
              64.39130444
            ],
            [
              -149.10517187,
              64.39473121
            ],
            [
              -149.1166283,
              64.39773656
            ],
            [
              -149.12864882,
              64.40029748
            ],
            [
              -149.14114148,
              64.40239434
            ],
            [
              -149.15401066,
              64.40401109
            ],
            [
              -149.1671578,
              64.40513532
            ],
            [
              -149.18048216,
              64.40575844
            ],
            [
              -149.19388161,
              64.40587565
            ],
            [
              -149.20725343,
              64.40548607
            ],
            [
              -149.22049513,
              64.40459267
            ],
            [
              -149.23350522,
              64.40320231
            ],
            [
              -149.24618404,
              64.40132564
            ],
            [
              -149.25833333,
              64.39888889
            ],
            [
              -149.28111111,
              64.43583333
            ]
          ]
        ]
      },
      "properties": {
        "description": "Clear, AK",
        "notam": "6_3002",
        "dateIssued": "2026-07-05T20:43:49",
        "dateEffective": "2026-07-07T10:00:00",
        "dateExpire": "2026-11-01T10:00:00",
        "upperVal": 43000,
        "lowerVal": 1500,
        "facility": "ZAN",
        "type": "SECURITY"
      }
    },
    {
      "type": "Feature",
      "geometry": {
        "type": "Polygon",
        "coordinates": [
          [
            [
              -69.26638889,
              43.94361246
            ],
            [
              -69.26238308,
              43.94335917
            ],
            [
              -69.25849908,
              43.94260698
            ],
            [
              -69.254855,
              43.94137879
            ],
            [
              -69.25156162,
              43.93971193
            ],
            [
              -69.24871904,
              43.93765708
            ],
            [
              -69.24641364,
              43.93527671
            ],
            [
              -69.24471543,
              43.93264319
            ],
            [
              -69.24367595,
              43.92983656
            ],
            [
              -69.24332668,
              43.92694211
            ],
            [
              -69.24367815,
              43.92404781
            ],
            [
              -69.24471957,
              43.92124158
            ],
            [
              -69.24641922,
              43.91860867
            ],
            [
              -69.24872538,
              43.91622905
            ],
            [
              -69.25156796,
              43.914175
            ],
            [
              -69.25486057,
              43.91250889
            ],
            [
              -69.25850322,
              43.91128131
            ],
            [
              -69.26238528,
              43.91052953
            ],
            [
              -69.26638889,
              43.91027637
            ],
            [
              -69.2703925,
              43.91052953
            ],
            [
              -69.27427456,
              43.91128131
            ],
            [
              -69.27791721,
              43.91250889
            ],
            [
              -69.28120982,
              43.914175
            ],
            [
              -69.2840524,
              43.91622905
            ],
            [
              -69.28635856,
              43.91860867
            ],
            [
              -69.28805821,
              43.92124158
            ],
            [
              -69.28909963,
              43.92404781
            ],
            [
              -69.2894511,
              43.92694211
            ],
            [
              -69.28910183,
              43.92983656
            ],
            [
              -69.28806235,
              43.93264319
            ],
            [
              -69.28636414,
              43.93527671
            ],
            [
              -69.28405874,
              43.93765708
            ],
            [
              -69.28121616,
              43.93971193
            ],
            [
              -69.27792278,
              43.94137879
            ],
            [
              -69.2742787,
              43.94260698
            ],
            [
              -69.2703947,
              43.94335917
            ],
            [
              -69.26638889,
              43.94361246
            ]
          ]
        ]
      },
      "properties": {
        "description": "St. George, ME, Thursday, July 2, 2026 through Monday, September 14, 2026 Local",
        "notam": "6_2790",
        "dateIssued": "2026-07-02T22:12:18",
        "dateEffective": "2026-07-02T22:30:00",
        "dateExpire": "2026-09-15T03:59:00",
        "upperVal": 400,
        "lowerVal": 0,
        "facility": "ZBW",
        "type": "SECURITY"
      }
    },
    {
      "type": "Feature",
      "geometry": {
        "type": "Polygon",
        "coordinates": [
          [
            [
              -115.27944444,
              32.69583333
            ],
            [
              -114.91972222,
              32.71
            ],
            [
              -114.91361111,
              32.72
            ],
            [
              -114.79555556,
              32.72861111
            ],
            [
              -114.79444444,
              32.715
            ],
            [
              -115.27944444,
              32.68138889
            ],
            [
              -115.27944444,
              32.69583333
            ]
          ]
        ]
      },
      "properties": {
        "description": "Calexico, CA, Saturday, July 4, 2026 through Saturday, January 2, 2027 Local",
        "notam": "6_2657",
        "dateIssued": "2026-07-02T14:04:00",
        "dateEffective": "2026-07-05T00:01:00",
        "dateExpire": "2027-01-02T23:59:00",
        "upperVal": 500,
        "lowerVal": 0,
        "facility": "ZLA",
        "type": "SECURITY"
      }
    },
    {
      "type": "Feature",
      "geometry": {
        "type": "Polygon",
        "coordinates": [
          [
            [
              -115.27944444,
              32.69583333
            ],
            [
              -114.91972222,
              32.71
            ],
            [
              -114.91361111,
              32.72
            ],
            [
              -114.79555556,
              32.72861111
            ],
            [
              -114.79444444,
              32.715
            ],
            [
              -115.27944444,
              32.68138889
            ],
            [
              -115.27944444,
              32.69583333
            ]
          ]
        ]
      },
      "properties": {
        "description": "Coyote Wells, CA, Saturday, July 4, 2026 through Saturday, January 2, 2027 Local",
        "notam": "6_2656",
        "dateIssued": "2026-07-02T13:55:56",
        "dateEffective": "2026-07-05T00:01:00",
        "dateExpire": "2027-01-02T23:59:00",
        "upperVal": 500,
        "lowerVal": 0,
        "facility": "ZLA",
        "type": "SECURITY"
      }
    },
    {
      "type": "Feature",
      "geometry": {
        "type": "Polygon",
        "coordinates": [
          [
            [
              -116.08666667,
              32.63694444
            ],
            [
              -115.67472222,
              32.66444444
            ],
            [
              -115.67388889,
              32.6525
            ],
            [
              -116.085,
              32.62194444
            ],
            [
              -116.08666667,
              32.63694444
            ]
          ]
        ]
      },
      "properties": {
        "description": "Coyote Wells, CA, Saturday, July 4, 2026 through Saturday, January 2, 2027 Local",
        "notam": "6_2652",
        "dateIssued": "2026-07-02T13:45:11",
        "dateEffective": "2026-07-05T00:01:00",
        "dateExpire": "2027-01-02T23:59:00",
        "upperVal": 500,
        "lowerVal": 0,
        "facility": "ZLA",
        "type": "SECURITY"
      }
    },
    {
      "type": "Feature",
      "geometry": {
        "type": "Polygon",
        "coordinates": [
          [
            [
              -81.65777778,
              24.4925
            ],
            [
              -81.64111111,
              24.49916667
            ],
            [
              -81.58694444,
              24.38111111
            ],
            [
              -81.60361111,
              24.37444444
            ],
            [
              -81.65777778,
              24.4925
            ]
          ]
        ]
      },
      "properties": {
        "description": "Key West, FL, Friday, June 26, 2026 through Saturday, October 17, 2026 Local",
        "notam": "6_0299",
        "dateIssued": "2026-06-24T13:21:46",
        "dateEffective": "2026-06-26T04:00:00",
        "dateExpire": "2026-10-18T03:59:00",
        "upperVal": 5000,
        "lowerVal": 2500,
        "facility": "ZMA",
        "type": "SECURITY"
      }
    },
    {
      "type": "Feature",
      "geometry": {
        "type": "Polygon",
        "coordinates": [
          [
            [
              144.84472222,
              13.56361111
            ],
            [
              144.83388889,
              13.55222222
            ],
            [
              144.81888889,
              13.54694444
            ],
            [
              144.81850311,
              13.54825062
            ],
            [
              144.81820781,
              13.54957766
            ],
            [
              144.81803185,
              13.55092483
            ],
            [
              144.81797657,
              13.55228188
            ],
            [
              144.81804239,
              13.55363847
            ],
            [
              144.81822882,
              13.5549843
            ],
            [
              144.81853443,
              13.5563091
            ],
            [
              144.8189569,
              13.55760281
            ],
            [
              144.81949303,
              13.55885556
            ],
            [
              144.82013872,
              13.56005784
            ],
            [
              144.82088907,
              13.56120048
            ],
            [
              144.82173837,
              13.56227479
            ],
            [
              144.82268015,
              13.5632726
            ],
            [
              144.82370725,
              13.5641863
            ],
            [
              144.82481185,
              13.56500895
            ],
            [
              144.82598554,
              13.56573427
            ],
            [
              144.82721939,
              13.56635676
            ],
            [
              144.82850401,
              13.56687167
            ],
            [
              144.82982962,
              13.56727508
            ],
            [
              144.83118613,
              13.56756393
            ],
            [
              144.83256321,
              13.567736
            ],
            [
              144.83395039,
              13.56779
            ],
            [
              144.83533709,
              13.56772552
            ],
            [
              144.83671277,
              13.56754303
            ],
            [
              144.83806696,
              13.56724394
            ],
            [
              144.83938934,
              13.56683052
            ],
            [
              144.84066986,
              13.56630591
            ],
            [
              144.84189875,
              13.56567411
            ],
            [
              144.84306668,
              13.56493993
            ],
            [
              144.84416475,
              13.56410895
            ],
            [
              144.84472222,
              13.56361111
            ]
          ]
        ]
      },
      "properties": {
        "description": "S. FINEGAYAN, GU",
        "notam": "6_2520",
        "dateIssued": "2026-05-22T23:01:52",
        "dateEffective": null,
        "dateExpire": "2027-05-22T18:59:00",
        "upperVal": 6000,
        "lowerVal": 0,
        "facility": "ZUA",
        "type": "SECURITY"
      }
    },
    {
      "type": "Feature",
      "geometry": {
        "type": "Polygon",
        "coordinates": [
          [
            [
              -121.51388889,
              38.59696131
            ],
            [
              -121.5101973,
              38.5967078
            ],
            [
              -121.50661796,
              38.59595495
            ],
            [
              -121.50325968,
              38.59472567
            ],
            [
              -121.50022455,
              38.59305732
            ],
            [
              -121.49760483,
              38.59100062
            ],
            [
              -121.49548012,
              38.58861811
            ],
            [
              -121.49391493,
              38.58598219
            ],
            [
              -121.49295678,
              38.58317298
            ],
            [
              -121.49263472,
              38.58027585
            ],
            [
              -121.49295846,
              38.57737884
            ],
            [
              -121.49391809,
              38.57456996
            ],
            [
              -121.49548437,
              38.57193455
            ],
            [
              -121.49760968,
              38.56955265
            ],
            [
              -121.5002294,
              38.56749662
            ],
            [
              -121.50326394,
              38.56582889
            ],
            [
              -121.50662112,
              38.56460012
            ],
            [
              -121.51019898,
              38.5638476
            ],
            [
              -121.51388889,
              38.5635942
            ],
            [
              -121.5175788,
              38.5638476
            ],
            [
              -121.52115666,
              38.56460012
            ],
            [
              -121.52451384,
              38.56582889
            ],
            [
              -121.52754838,
              38.56749662
            ],
            [
              -121.5301681,
              38.56955265
            ],
            [
              -121.53229341,
              38.57193455
            ],
            [
              -121.53385969,
              38.57456996
            ],
            [
              -121.53481932,
              38.57737884
            ],
            [
              -121.53514306,
              38.58027585
            ],
            [
              -121.534821,
              38.58317298
            ],
            [
              -121.53386285,
              38.58598219
            ],
            [
              -121.53229766,
              38.58861811
            ],
            [
              -121.53017295,
              38.59100062
            ],
            [
              -121.52755323,
              38.59305732
            ],
            [
              -121.5245181,
              38.59472567
            ],
            [
              -121.52115982,
              38.59595495
            ],
            [
              -121.51758048,
              38.5967078
            ],
            [
              -121.51388889,
              38.59696131
            ]
          ]
        ]
      },
      "properties": {
        "description": "SACRAMENTO, CA, Thursday, April 2, 2026 through Monday, September 28, 2026 Local",
        "notam": "6_5797",
        "dateIssued": "2026-03-30T10:46:00",
        "dateEffective": "2026-04-03T00:01:00",
        "dateExpire": "2026-09-28T23:59:00",
        "upperVal": 400,
        "lowerVal": 0,
        "facility": "ZOA",
        "type": "SECURITY"
      }
    },
    {
      "type": "Feature",
      "geometry": {
        "type": "Polygon",
        "coordinates": [
          [
            [
              -65.67472222,
              18.18527778
            ],
            [
              -65.63861111,
              18.17833333
            ],
            [
              -65.60055556,
              17.87527778
            ],
            [
              -65.63611111,
              17.87222222
            ],
            [
              -65.67472222,
              18.18527778
            ]
          ]
        ]
      },
      "properties": {
        "description": "CEIBA, PR",
        "notam": "6_4508",
        "dateIssued": "2026-03-26T15:35:00",
        "dateEffective": null,
        "dateExpire": "2026-11-01T03:59:00",
        "upperVal": 5000,
        "lowerVal": 2500,
        "facility": "ZSU",
        "type": "SECURITY"
      }
    },
    {
      "type": "Feature",
      "geometry": {
        "type": "Polygon",
        "coordinates": [
          [
            [
              -100.37611111,
              31.36323969
            ],
            [
              -100.35921018,
              31.36196977
            ],
            [
              -100.34282411,
              31.35819869
            ],
            [
              -100.32745193,
              31.35204132
            ],
            [
              -100.3135616,
              31.34368519
            ],
            [
              -100.30157563,
              31.33338472
            ],
            [
              -100.29185818,
              31.32145347
            ],
            [
              -100.28470407,
              31.30825449
            ],
            [
              -100.28032979,
              31.29418925
            ],
            [
              -100.2788671,
              31.27968542
            ],
            [
              -100.2803591,
              31.26518377
            ],
            [
              -100.28475915,
              31.25112484
            ],
            [
              -100.2919324,
              31.2379355
            ],
            [
              -100.30166002,
              31.22601608
            ],
            [
              -100.313646,
              31.21572821
            ],
            [
              -100.32752615,
              31.2073839
            ],
            [
              -100.34287919,
              31.20123618
            ],
            [
              -100.35923949,
              31.1974714
            ],
            [
              -100.37611111,
              31.19620366
            ],
            [
              -100.39298273,
              31.1974714
            ],
            [
              -100.40934303,
              31.20123618
            ],
            [
              -100.42469607,
              31.2073839
            ],
            [
              -100.43857622,
              31.21572821
            ],
            [
              -100.4505622,
              31.22601608
            ],
            [
              -100.46028982,
              31.2379355
            ],
            [
              -100.46746307,
              31.25112484
            ],
            [
              -100.47186312,
              31.26518377
            ],
            [
              -100.47335512,
              31.27968542
            ],
            [
              -100.47189243,
              31.29418925
            ],
            [
              -100.46751815,
              31.30825449
            ],
            [
              -100.46036404,
              31.32145347
            ],
            [
              -100.45064659,
              31.33338472
            ],
            [
              -100.43866062,
              31.34368519
            ],
            [
              -100.42477029,
              31.35204132
            ],
            [
              -100.40939811,
              31.35819869
            ],
            [
              -100.39301204,
              31.36196977
            ],
            [
              -100.37611111,
              31.36323969
            ]
          ]
        ]
      },
      "properties": {
        "description": "SAN ANGELO, TX, Sunday, March 8, 2026 through Sunday, November 1, 2026 Local",
        "notam": "6_4240",
        "dateIssued": "2026-03-05T20:27:00",
        "dateEffective": "2026-03-08T08:00:00",
        "dateExpire": "2026-11-01T07:00:00",
        "upperVal": 18000,
        "lowerVal": 3500,
        "facility": "ZFW",
        "type": "SECURITY"
      }
    },
    {
      "type": "Feature",
      "geometry": {
        "type": "Polygon",
        "coordinates": [
          [
            [
              145.13527778,
              13.64166667
            ],
            [
              144.74694444,
              13.47666667
            ],
            [
              144.63722222,
              13.51194444
            ],
            [
              144.61944444,
              13.5875
            ],
            [
              144.62337227,
              13.60962359
            ],
            [
              144.62777753,
              13.63154738
            ],
            [
              144.63412072,
              13.65301205
            ],
            [
              144.64235403,
              13.6738541
            ],
            [
              144.65241522,
              13.69391474
            ],
            [
              144.66422807,
              13.71304108
            ],
            [
              144.67770294,
              13.73108731
            ],
            [
              144.69273746,
              13.74791585
            ],
            [
              144.70921729,
              13.76339835
            ],
            [
              144.72701699,
              13.7774167
            ],
            [
              144.74600098,
              13.78986396
            ],
            [
              144.76602456,
              13.80064514
            ],
            [
              144.78693505,
              13.80967796
            ],
            [
              144.80857293,
              13.81689348
            ],
            [
              144.83077307,
              13.82223661
            ],
            [
              144.85336602,
              13.82566656
            ],
            [
              144.87617929,
              13.82715716
            ],
            [
              144.8990387,
              13.826697
            ],
            [
              144.92176971,
              13.82428962
            ],
            [
              144.94419878,
              13.81995338
            ],
            [
              144.96615467,
              13.8137214
            ],
            [
              144.98746983,
              13.80564125
            ],
            [
              145.0079816,
              13.79577461
            ],
            [
              145.02753354,
              13.78419678
            ],
            [
              145.0459766,
              13.77099612
            ],
            [
              145.06317023,
              13.75627335
            ],
            [
              145.07898353,
              13.74014079
            ],
            [
              145.09329617,
              13.7227215
            ],
            [
              145.10599934,
              13.70414829
            ],
            [
              145.1169966,
              13.68456278
            ],
            [
              145.12620454,
              13.66411424
            ],
            [
              145.13355348,
              13.64295851
            ],
            [
              145.13527778,
              13.64166667
            ]
          ]
        ]
      },
      "properties": {
        "description": "ANDERSEN AFB, GU, Monday, March 9, 2026 through Tuesday, March 9, 2027 Local",
        "notam": "6_4143",
        "dateIssued": "2026-03-05T18:57:00",
        "dateEffective": "2026-03-08T16:00:00",
        "dateExpire": "2027-03-08T15:59:00",
        "upperVal": 20000,
        "lowerVal": 2600,
        "facility": "ZUA",
        "type": "SECURITY"
      }
    },
    {
      "type": "Feature",
      "geometry": {
        "type": "Polygon",
        "coordinates": [
          [
            [
              144.85888889,
              13.56472222
            ],
            [
              144.86833333,
              13.54472222
            ],
            [
              144.85527778,
              13.53888889
            ],
            [
              144.84583333,
              13.55916667
            ],
            [
              144.85888889,
              13.56472222
            ]
          ]
        ]
      },
      "properties": {
        "description": "ANDERSEN AFB, GU, Monday, March 9, 2026 through Tuesday, March 9, 2027 Local",
        "notam": "6_4143",
        "dateIssued": "2026-03-05T18:57:00",
        "dateEffective": "2026-03-08T16:00:00",
        "dateExpire": "2027-03-08T15:59:00",
        "upperVal": 20000,
        "lowerVal": 2600,
        "facility": "ZUA",
        "type": "SECURITY"
      }
    },
    {
      "type": "Feature",
      "geometry": {
        "type": "Polygon",
        "coordinates": [
          [
            [
              144.99194444,
              13.62277778
            ],
            [
              145.00111111,
              13.6025
            ],
            [
              145.01416667,
              13.60805556
            ],
            [
              145.00472222,
              13.62861111
            ],
            [
              144.99194444,
              13.62277778
            ]
          ]
        ]
      },
      "properties": {
        "description": "ANDERSEN AFB, GU, Monday, March 9, 2026 through Tuesday, March 9, 2027 Local",
        "notam": "6_4143",
        "dateIssued": "2026-03-05T18:57:00",
        "dateEffective": "2026-03-08T16:00:00",
        "dateExpire": "2027-03-08T15:59:00",
        "upperVal": 20000,
        "lowerVal": 2600,
        "facility": "ZUA",
        "type": "SECURITY"
      }
    },
    {
      "type": "Feature",
      "geometry": {
        "type": "Polygon",
        "coordinates": [
          [
            [
              -97.39194444,
              48.01666667
            ],
            [
              -97.39194444,
              47.90833333
            ],
            [
              -97.45027778,
              47.90833333
            ],
            [
              -97.45027778,
              48.01666667
            ],
            [
              -97.39194444,
              48.01666667
            ]
          ]
        ]
      },
      "properties": {
        "description": "GRAND FORKS AFB, ND, Sunday, March 8, 2026 through Sunday, November 1, 2026 Local",
        "notam": "6_4348",
        "dateIssued": "2026-03-05T17:01:00",
        "dateEffective": "2026-03-08T07:00:00",
        "dateExpire": "2026-11-01T06:59:00",
        "upperVal": 2400,
        "lowerVal": 0,
        "facility": "ZMP",
        "type": "SECURITY"
      }
    },
    {
      "type": "Feature",
      "geometry": {
        "type": "Polygon",
        "coordinates": [
          [
            [
              -97.375,
              48.14444444
            ],
            [
              -97.375,
              47.77777778
            ],
            [
              -97.39869144,
              47.77858432
            ],
            [
              -97.42220446,
              47.78066341
            ],
            [
              -97.44536194,
              47.78411116
            ],
            [
              -97.46798935,
              47.78890159
            ],
            [
              -97.48991605,
              47.7949986
            ],
            [
              -97.51097651,
              47.80235625
            ],
            [
              -97.53101153,
              47.81091904
            ],
            [
              -97.54986945,
              47.82062239
            ],
            [
              -97.56740725,
              47.83139305
            ],
            [
              -97.58349164,
              47.84314969
            ],
            [
              -97.59800006,
              47.85580345
            ],
            [
              -97.61082161,
              47.86925866
            ],
            [
              -97.62185793,
              47.88341348
            ],
            [
              -97.63102395,
              47.89816071
            ],
            [
              -97.63824857,
              47.91338857
            ],
            [
              -97.64347526,
              47.92898153
            ],
            [
              -97.64666252,
              47.94482119
            ],
            [
              -97.64778425,
              47.96078719
            ],
            [
              -97.64683001,
              47.97675805
            ],
            [
              -97.64380515,
              47.9926122
            ],
            [
              -97.63873084,
              48.00822881
            ],
            [
              -97.63164394,
              48.02348876
            ],
            [
              -97.62259682,
              48.03827555
            ],
            [
              -97.61165693,
              48.0524762
            ],
            [
              -97.59890644,
              48.06598212
            ],
            [
              -97.58444154,
              48.07868993
            ],
            [
              -97.5683718,
              48.0905023
            ],
            [
              -97.55081935,
              48.1013287
            ],
            [
              -97.53191792,
              48.1110861
            ],
            [
              -97.51181185,
              48.1196996
            ],
            [
              -97.49065496,
              48.12710308
            ],
            [
              -97.46860937,
              48.13323966
            ],
            [
              -97.44584422,
              48.13806218
            ],
            [
              -97.42253436,
              48.14153358
            ],
            [
              -97.39885894,
              48.14362715
            ],
            [
              -97.375,
              48.14444444
            ]
          ]
        ]
      },
      "properties": {
        "description": "GRAND FORKS AFB, ND, Sunday, March 8, 2026 through Sunday, November 1, 2026 Local",
        "notam": "6_4348",
        "dateIssued": "2026-03-05T17:01:00",
        "dateEffective": "2026-03-08T07:00:00",
        "dateExpire": "2026-11-01T06:59:00",
        "upperVal": 2400,
        "lowerVal": 0,
        "facility": "ZMP",
        "type": "SECURITY"
      }
    },
    {
      "type": "Feature",
      "geometry": {
        "type": "Polygon",
        "coordinates": [
          [
            [
              -121.4375,
              39.30098401
            ],
            [
              -121.4002184,
              39.29844376
            ],
            [
              -121.36407744,
              39.29090073
            ],
            [
              -121.33018217,
              39.27858565
            ],
            [
              -121.29956756,
              39.26187506
            ],
            [
              -121.27316653,
              39.24127959
            ],
            [
              -121.25178121,
              39.21742807
            ],
            [
              -121.23605861,
              39.19104811
            ],
            [
              -121.22647129,
              39.16294355
            ],
            [
              -121.22330366,
              39.13396987
            ],
            [
              -121.22664414,
              39.1050079
            ],
            [
              -121.23638347,
              39.07693711
            ],
            [
              -121.25221889,
              39.05060886
            ],
            [
              -121.27366425,
              39.0268208
            ],
            [
              -121.30006528,
              39.00629284
            ],
            [
              -121.33061985,
              38.9896457
            ],
            [
              -121.36440231,
              38.97738234
            ],
            [
              -121.40039125,
              38.96987307
            ],
            [
              -121.4375,
              38.96734455
            ],
            [
              -121.47460875,
              38.96987307
            ],
            [
              -121.51059769,
              38.97738234
            ],
            [
              -121.54438015,
              38.9896457
            ],
            [
              -121.57493472,
              39.00629284
            ],
            [
              -121.60133575,
              39.0268208
            ],
            [
              -121.62278111,
              39.05060886
            ],
            [
              -121.63861653,
              39.07693711
            ],
            [
              -121.64835586,
              39.1050079
            ],
            [
              -121.65169634,
              39.13396987
            ],
            [
              -121.64852871,
              39.16294355
            ],
            [
              -121.63894139,
              39.19104811
            ],
            [
              -121.62321879,
              39.21742807
            ],
            [
              -121.60183347,
              39.24127959
            ],
            [
              -121.57543244,
              39.26187506
            ],
            [
              -121.54481783,
              39.27858565
            ],
            [
              -121.51092256,
              39.29090073
            ],
            [
              -121.4747816,
              39.29844376
            ],
            [
              -121.4375,
              39.30098401
            ]
          ]
        ]
      },
      "properties": {
        "description": "BEALE AFB, CA, Sunday, March 8, 2026 through Sunday, November 1, 2026 Local",
        "notam": "6_3475",
        "dateIssued": "2026-03-04T11:40:00",
        "dateEffective": "2026-03-08T09:00:00",
        "dateExpire": "2026-11-01T09:59:00",
        "upperVal": 18000,
        "lowerVal": 4100,
        "facility": "ZOA",
        "type": "SECURITY"
      }
    },
    {
      "type": "Feature",
      "geometry": {
        "type": "Polygon",
        "coordinates": [
          [
            [
              -111.125,
              31.42166667
            ],
            [
              -111.07361111,
              31.405
            ],
            [
              -110.74916667,
              31.40416667
            ],
            [
              -110.75027778,
              31.50833333
            ],
            [
              -111.07361111,
              31.50583333
            ],
            [
              -111.12416667,
              31.52222222
            ],
            [
              -111.125,
              31.42166667
            ]
          ]
        ]
      },
      "properties": {
        "description": "Nogales, AZ, Saturday, February 14, 2026 through Friday, August 14, 2026 Local",
        "notam": "6_4165",
        "dateIssued": "2026-02-13T19:56:00",
        "dateEffective": "2026-02-14T07:00:00",
        "dateExpire": "2026-08-15T06:59:00",
        "upperVal": 400,
        "lowerVal": 0,
        "facility": "ZAB",
        "type": "SECURITY"
      }
    },
    {
      "type": "Feature",
      "geometry": {
        "type": "Polygon",
        "coordinates": [
          [
            [
              -117.00277778,
              32.61638889
            ],
            [
              -117.00805556,
              32.62527778
            ],
            [
              -116.98583333,
              32.64111111
            ],
            [
              -116.9575,
              32.65
            ],
            [
              -116.93583333,
              32.64333333
            ],
            [
              -116.93,
              32.64805556
            ],
            [
              -116.91805556,
              32.63472222
            ],
            [
              -116.88611111,
              32.63472222
            ],
            [
              -116.88138889,
              32.64055556
            ],
            [
              -116.86722222,
              32.65027778
            ],
            [
              -116.85444444,
              32.65166667
            ],
            [
              -116.84722222,
              32.62888889
            ],
            [
              -117.00277778,
              32.61638889
            ]
          ]
        ]
      },
      "properties": {
        "description": "Chula Vista, CA, Saturday, February 14, 2026 through Friday, August 14, 2026 Local",
        "notam": "6_4160",
        "dateIssued": "2026-02-13T19:49:00",
        "dateEffective": "2026-02-14T08:00:00",
        "dateExpire": "2026-08-15T06:59:00",
        "upperVal": 400,
        "lowerVal": 0,
        "facility": "ZLA",
        "type": "SECURITY"
      }
    },
    {
      "type": "Feature",
      "geometry": {
        "type": "Polygon",
        "coordinates": [
          [
            [
              -65.33666667,
              18.20693685
            ],
            [
              -65.32420186,
              18.20589421
            ],
            [
              -65.31211622,
              18.202798
            ],
            [
              -65.30077735,
              18.1977424
            ],
            [
              -65.29053005,
              18.19088119
            ],
            [
              -65.28168583,
              18.18242302
            ],
            [
              -65.27451343,
              18.17262511
            ],
            [
              -65.26923061,
              18.16178536
            ],
            [
              -65.26599761,
              18.15023327
            ],
            [
              -65.26491229,
              18.13831996
            ],
            [
              -65.26600718,
              18.12640744
            ],
            [
              -65.26924859,
              18.11485763
            ],
            [
              -65.27453765,
              18.10402136
            ],
            [
              -65.28171338,
              18.09422774
            ],
            [
              -65.2905576,
              18.08577414
            ],
            [
              -65.30080157,
              18.07891721
            ],
            [
              -65.3121342,
              18.0738651
            ],
            [
              -65.32421143,
              18.07077117
            ],
            [
              -65.33666667,
              18.06972932
            ],
            [
              -65.34912191,
              18.07077117
            ],
            [
              -65.36119914,
              18.0738651
            ],
            [
              -65.37253177,
              18.07891721
            ],
            [
              -65.38277574,
              18.08577414
            ],
            [
              -65.39161996,
              18.09422774
            ],
            [
              -65.39879569,
              18.10402136
            ],
            [
              -65.40408475,
              18.11485763
            ],
            [
              -65.40732616,
              18.12640744
            ],
            [
              -65.40842105,
              18.13831996
            ],
            [
              -65.40733573,
              18.15023327
            ],
            [
              -65.40410273,
              18.16178536
            ],
            [
              -65.39881991,
              18.17262511
            ],
            [
              -65.39164751,
              18.18242302
            ],
            [
              -65.38280329,
              18.19088119
            ],
            [
              -65.37255599,
              18.1977424
            ],
            [
              -65.36121712,
              18.202798
            ],
            [
              -65.34913148,
              18.20589421
            ],
            [
              -65.33666667,
              18.20693685
            ]
          ]
        ]
      },
      "properties": {
        "description": "VIEQUES, PR, Monday, January 19, 2026 through Friday, December 18, 2026 UTC",
        "notam": "6_2698",
        "dateIssued": "2026-01-13T14:45:00",
        "dateEffective": "2026-01-19T09:00:00",
        "dateExpire": "2026-12-18T21:00:00",
        "upperVal": 5000,
        "lowerVal": 0,
        "facility": "ZSU",
        "type": "HAZARDS"
      }
    },
    {
      "type": "Feature",
      "geometry": {
        "type": "Polygon",
        "coordinates": [
          [
            [
              -97.48305556,
              31.41416667
            ],
            [
              -97.48055556,
              31.41611111
            ],
            [
              -97.46944444,
              31.41805556
            ],
            [
              -97.44805556,
              31.42138889
            ],
            [
              -97.44361111,
              31.42027778
            ],
            [
              -97.43194444,
              31.41166667
            ],
            [
              -97.42694444,
              31.39055556
            ],
            [
              -97.46333333,
              31.38444444
            ],
            [
              -97.48527778,
              31.38888889
            ],
            [
              -97.49,
              31.39972222
            ],
            [
              -97.48305556,
              31.41416667
            ]
          ]
        ]
      },
      "properties": {
        "description": "MCGREGOR, TX",
        "notam": "6_0543",
        "dateIssued": "2026-01-05T16:22:00",
        "dateEffective": null,
        "dateExpire": "2027-01-01T05:59:00",
        "upperVal": 2000,
        "lowerVal": 0,
        "facility": "ZFW",
        "type": "SECURITY"
      }
    },
    {
      "type": "Feature",
      "geometry": {
        "type": "Polygon",
        "coordinates": [
          [
            [
              -97.15583333,
              26.03901365
            ],
            [
              -97.14780026,
              26.03837852
            ],
            [
              -97.14001153,
              26.03649246
            ],
            [
              -97.132704,
              26.03341282
            ],
            [
              -97.12609989,
              26.02923328
            ],
            [
              -97.12039995,
              26.02408092
            ],
            [
              -97.11577735,
              26.01811242
            ],
            [
              -97.11237248,
              26.01150923
            ],
            [
              -97.11028862,
              26.00447207
            ],
            [
              -97.10958886,
              25.99721483
            ],
            [
              -97.11029421,
              25.98995802
            ],
            [
              -97.112383,
              25.98292213
            ],
            [
              -97.11579152,
              25.97632087
            ],
            [
              -97.12041606,
              25.97035475
            ],
            [
              -97.12611601,
              25.96520491
            ],
            [
              -97.13271817,
              25.96102774
            ],
            [
              -97.14002204,
              25.95795004
            ],
            [
              -97.14780586,
              25.95606524
            ],
            [
              -97.15583333,
              25.95543055
            ],
            [
              -97.1638608,
              25.95606524
            ],
            [
              -97.17164462,
              25.95795004
            ],
            [
              -97.17894849,
              25.96102774
            ],
            [
              -97.18555065,
              25.96520491
            ],
            [
              -97.1912506,
              25.97035475
            ],
            [
              -97.19587514,
              25.97632087
            ],
            [
              -97.19928366,
              25.98292213
            ],
            [
              -97.20137245,
              25.98995802
            ],
            [
              -97.2020778,
              25.99721483
            ],
            [
              -97.20137804,
              26.00447207
            ],
            [
              -97.19929418,
              26.01150923
            ],
            [
              -97.19588931,
              26.01811242
            ],
            [
              -97.19126671,
              26.02408092
            ],
            [
              -97.18556677,
              26.02923328
            ],
            [
              -97.17896266,
              26.03341282
            ],
            [
              -97.17165513,
              26.03649246
            ],
            [
              -97.1638664,
              26.03837852
            ],
            [
              -97.15583333,
              26.03901365
            ]
          ]
        ]
      },
      "properties": {
        "description": "Brownsville, TX, Thursday, January 1, 2026 through Friday, January 1, 2027 Local",
        "notam": "5_3679",
        "dateIssued": "2025-12-30T13:38:00",
        "dateEffective": "2026-01-01T05:00:00",
        "dateExpire": "2027-01-01T05:59:00",
        "upperVal": 5000,
        "lowerVal": 0,
        "facility": "ZHU",
        "type": "SECURITY"
      }
    },
    {
      "type": "Feature",
      "geometry": {
        "type": "Polygon",
        "coordinates": [
          [
            [
              -97.15777778,
              25.95555556
            ],
            [
              -97.16972222,
              25.95777778
            ],
            [
              -97.18083333,
              25.96277778
            ],
            [
              -97.19111111,
              25.97083333
            ],
            [
              -97.19694444,
              25.97861111
            ],
            [
              -97.19638889,
              25.98972222
            ],
            [
              -97.20111111,
              25.98972222
            ],
            [
              -97.27861111,
              25.97555556
            ],
            [
              -97.27777778,
              25.94555556
            ],
            [
              -97.15777778,
              25.95555556
            ]
          ]
        ]
      },
      "properties": {
        "description": "Brownsville, TX, Thursday, January 1, 2026 through Friday, January 1, 2027 Local",
        "notam": "5_3678",
        "dateIssued": "2025-12-30T13:36:00",
        "dateEffective": "2026-01-01T05:00:00",
        "dateExpire": "2027-01-01T05:59:00",
        "upperVal": 2000,
        "lowerVal": 0,
        "facility": "ZHU",
        "type": "SECURITY"
      }
    },
    {
      "type": "Feature",
      "geometry": {
        "type": "Polygon",
        "coordinates": [
          [
            [
              -80.03777778,
              26.69365945
            ],
            [
              -80.03454639,
              26.69340548
            ],
            [
              -80.03141323,
              26.69265127
            ],
            [
              -80.02847353,
              26.69141976
            ],
            [
              -80.02581664,
              26.68974838
            ],
            [
              -80.0235233,
              26.68768793
            ],
            [
              -80.0216632,
              26.68530104
            ],
            [
              -80.02029284,
              26.68266024
            ],
            [
              -80.01945383,
              26.67984579
            ],
            [
              -80.01917163,
              26.67694322
            ],
            [
              -80.01945476,
              26.67404072
            ],
            [
              -80.02029458,
              26.67122648
            ],
            [
              -80.02166555,
              26.668586
            ],
            [
              -80.02352597,
              26.6661995
            ],
            [
              -80.02581931,
              26.66413947
            ],
            [
              -80.02847588,
              26.66246848
            ],
            [
              -80.03141497,
              26.66123729
            ],
            [
              -80.03454732,
              26.66048329
            ],
            [
              -80.03777778,
              26.66022939
            ],
            [
              -80.04100824,
              26.66048329
            ],
            [
              -80.04414059,
              26.66123729
            ],
            [
              -80.04707968,
              26.66246848
            ],
            [
              -80.04973625,
              26.66413947
            ],
            [
              -80.05202959,
              26.6661995
            ],
            [
              -80.05389001,
              26.668586
            ],
            [
              -80.05526098,
              26.67122648
            ],
            [
              -80.0561008,
              26.67404072
            ],
            [
              -80.05638393,
              26.67694322
            ],
            [
              -80.05610173,
              26.67984579
            ],
            [
              -80.05526272,
              26.68266024
            ],
            [
              -80.05389236,
              26.68530104
            ],
            [
              -80.05203226,
              26.68768793
            ],
            [
              -80.04973892,
              26.68974838
            ],
            [
              -80.04708203,
              26.69141976
            ],
            [
              -80.04414233,
              26.69265127
            ],
            [
              -80.04100917,
              26.69340548
            ],
            [
              -80.03777778,
              26.69365945
            ]
          ]
        ]
      },
      "properties": {
        "description": "Palm Beach, FL, Monday, October 20, 2025 through Tuesday, October 20, 2026 Local",
        "notam": "5_2809",
        "dateIssued": "2025-10-18T14:54:00",
        "dateEffective": "2025-10-20T12:00:00",
        "dateExpire": "2026-10-20T12:00:00",
        "upperVal": 2000,
        "lowerVal": 0,
        "facility": "ZMA",
        "type": "SECURITY"
      }
    },
    {
      "type": "Feature",
      "geometry": {
        "type": "Polygon",
        "coordinates": [
          [
            [
              -73.95305556,
              40.76472222
            ],
            [
              -73.95342534,
              40.76578514
            ],
            [
              -73.95385195,
              40.76720342
            ],
            [
              -73.95443955,
              40.76858804
            ],
            [
              -73.95518367,
              40.76992845
            ],
            [
              -73.95607865,
              40.77121444
            ],
            [
              -73.95711769,
              40.77243623
            ],
            [
              -73.95829288,
              40.77358451
            ],
            [
              -73.95959528,
              40.77465054
            ],
            [
              -73.96101498,
              40.7756262
            ],
            [
              -73.96254118,
              40.77650407
            ],
            [
              -73.96416226,
              40.77727746
            ],
            [
              -73.96586588,
              40.77794047
            ],
            [
              -73.96763905,
              40.77848807
            ],
            [
              -73.96946829,
              40.77891607
            ],
            [
              -73.97133966,
              40.77922122
            ],
            [
              -73.97323891,
              40.7794012
            ],
            [
              -73.97515157,
              40.77945463
            ],
            [
              -73.97706307,
              40.77938111
            ],
            [
              -73.97895886,
              40.7791812
            ],
            [
              -73.9808245,
              40.77885642
            ],
            [
              -73.98264578,
              40.77840924
            ],
            [
              -73.98440884,
              40.77784307
            ],
            [
              -73.98610023,
              40.77716222
            ],
            [
              -73.98770709,
              40.77637188
            ],
            [
              -73.98921719,
              40.77547806
            ],
            [
              -73.99061902,
              40.77448757
            ],
            [
              -73.99190191,
              40.77340796
            ],
            [
              -73.99305611,
              40.77224744
            ],
            [
              -73.99407284,
              40.77101486
            ],
            [
              -73.99494436,
              40.76971958
            ],
            [
              -73.99566404,
              40.76837149
            ],
            [
              -73.99622642,
              40.76698083
            ],
            [
              -73.99662722,
              40.7655582
            ],
            [
              -73.9968634,
              40.76411442
            ],
            [
              -73.99693318,
              40.76266048
            ],
            [
              -73.99683604,
              40.76120745
            ],
            [
              -73.99657272,
              40.75976639
            ],
            [
              -73.99614524,
              40.75834826
            ],
            [
              -73.99555687,
              40.75696385
            ],
            [
              -73.99481208,
              40.7556237
            ],
            [
              -73.99391657,
              40.75433801
            ],
            [
              -73.99287714,
              40.75311655
            ],
            [
              -73.99170171,
              40.75196861
            ],
            [
              -73.99039924,
              40.75090294
            ],
            [
              -73.98897963,
              40.74992763
            ],
            [
              -73.98745369,
              40.74905011
            ],
            [
              -73.98583303,
              40.74827705
            ],
            [
              -73.98412997,
              40.74761432
            ],
            [
              -73.98235748,
              40.74706698
            ],
            [
              -73.98052903,
              40.74663918
            ],
            [
              -73.97865854,
              40.74633418
            ],
            [
              -73.97676022,
              40.74615429
            ],
            [
              -73.97484851,
              40.74610088
            ],
            [
              -73.97293796,
              40.74617436
            ],
            [
              -73.97104308,
              40.74637418
            ],
            [
              -73.96916667,
              40.74666667
            ],
            [
              -73.95305556,
              40.76472222
            ]
          ]
        ]
      },
      "properties": {
        "description": "NEW YORK, NY, Monday, October 20, 2025 through Tuesday, October 20, 2026 Local",
        "notam": "5_2811",
        "dateIssued": "2025-10-18T14:54:00",
        "dateEffective": "2025-10-20T12:00:00",
        "dateExpire": "2026-10-20T12:00:00",
        "upperVal": 1000,
        "lowerVal": 0,
        "facility": "ZNY",
        "type": "SECURITY"
      }
    },
    {
      "type": "Feature",
      "geometry": {
        "type": "Polygon",
        "coordinates": [
          [
            [
              -97.16361111,
              26.08866087
            ],
            [
              -97.16039652,
              26.08840687
            ],
            [
              -97.15727964,
              26.08765261
            ],
            [
              -97.15435521,
              26.086421
            ],
            [
              -97.15171213,
              26.08474948
            ],
            [
              -97.14943071,
              26.08268886
            ],
            [
              -97.14758026,
              26.08030177
            ],
            [
              -97.14621701,
              26.07766075
            ],
            [
              -97.14538235,
              26.07484607
            ],
            [
              -97.1451016,
              26.07194325
            ],
            [
              -97.14538325,
              26.06904051
            ],
            [
              -97.1462187,
              26.06622603
            ],
            [
              -97.14758254,
              26.06358532
            ],
            [
              -97.14943329,
              26.06119861
            ],
            [
              -97.15171472,
              26.0591384
            ],
            [
              -97.15435749,
              26.05746726
            ],
            [
              -97.15728133,
              26.05623596
            ],
            [
              -97.16039742,
              26.0554819
            ],
            [
              -97.16361111,
              26.05522797
            ],
            [
              -97.1668248,
              26.0554819
            ],
            [
              -97.16994089,
              26.05623596
            ],
            [
              -97.17286473,
              26.05746726
            ],
            [
              -97.1755075,
              26.0591384
            ],
            [
              -97.17778893,
              26.06119861
            ],
            [
              -97.17963968,
              26.06358532
            ],
            [
              -97.18100352,
              26.06622603
            ],
            [
              -97.18183897,
              26.06904051
            ],
            [
              -97.18212062,
              26.07194325
            ],
            [
              -97.18183987,
              26.07484607
            ],
            [
              -97.18100521,
              26.07766075
            ],
            [
              -97.17964196,
              26.08030177
            ],
            [
              -97.17779151,
              26.08268886
            ],
            [
              -97.17551009,
              26.08474948
            ],
            [
              -97.17286701,
              26.086421
            ],
            [
              -97.16994258,
              26.08765261
            ],
            [
              -97.1668257,
              26.08840687
            ],
            [
              -97.16361111,
              26.08866087
            ]
          ]
        ]
      },
      "properties": {
        "description": "South Padre Island, TX, Tuesday, May 6, 2025 Local",
        "notam": "5_6914",
        "dateIssued": "2025-05-06T23:16:00",
        "dateEffective": "2025-05-06T23:30:00",
        "dateExpire": "PERM",
        "upperVal": 6000,
        "lowerVal": 0,
        "facility": "ZHU",
        "type": "SECURITY"
      }
    },
    {
      "type": "Feature",
      "geometry": {
        "type": "Polygon",
        "coordinates": [
          [
            [
              -77.03638889,
              39.35990574
            ],
            [
              -76.98020587,
              39.35798795
            ],
            [
              -76.92445955,
              39.35224948
            ],
            [
              -76.869583,
              39.34273493
            ],
            [
              -76.81600211,
              39.32951821
            ],
            [
              -76.76413212,
              39.31270194
            ],
            [
              -76.71437417,
              39.29241659
            ],
            [
              -76.66711208,
              39.26881944
            ],
            [
              -76.62270928,
              39.24209327
            ],
            [
              -76.58150591,
              39.21244488
            ],
            [
              -76.54381619,
              39.18010338
            ],
            [
              -76.509926,
              39.14531839
            ],
            [
              -76.48009073,
              39.10835798
            ],
            [
              -76.45453348,
              39.06950659
            ],
            [
              -76.43344339,
              39.02906268
            ],
            [
              -76.41697447,
              38.98733648
            ],
            [
              -76.40524458,
              38.94464747
            ],
            [
              -76.39833479,
              38.90132193
            ],
            [
              -76.39628899,
              38.85769041
            ],
            [
              -76.39911386,
              38.81408522
            ],
            [
              -76.40677906,
              38.77083783
            ],
            [
              -76.41921774,
              38.72827643
            ],
            [
              -76.43632731,
              38.68672343
            ],
            [
              -76.45797044,
              38.64649306
            ],
            [
              -76.48397633,
              38.60788903
            ],
            [
              -76.51414217,
              38.57120231
            ],
            [
              -76.54823485,
              38.53670902
            ],
            [
              -76.5859928,
              38.50466837
            ],
            [
              -76.62712807,
              38.47532083
            ],
            [
              -76.6713285,
              38.44888638
            ],
            [
              -76.7182601,
              38.42556295
            ],
            [
              -76.76756947,
              38.405525
            ],
            [
              -76.81888642,
              38.38892228
            ],
            [
              -76.87182661,
              38.3758788
            ],
            [
              -76.92599428,
              38.3664919
            ],
            [
              -76.98098508,
              38.3608316
            ],
            [
              -77.03638889,
              38.35894014
            ],
            [
              -77.0917927,
              38.3608316
            ],
            [
              -77.1467835,
              38.3664919
            ],
            [
              -77.20095117,
              38.3758788
            ],
            [
              -77.25389136,
              38.38892228
            ],
            [
              -77.30520831,
              38.405525
            ],
            [
              -77.35451768,
              38.42556295
            ],
            [
              -77.40144928,
              38.44888638
            ],
            [
              -77.44564971,
              38.47532083
            ],
            [
              -77.48678498,
              38.50466837
            ],
            [
              -77.52454293,
              38.53670902
            ],
            [
              -77.55863561,
              38.57120231
            ],
            [
              -77.58880145,
              38.60788903
            ],
            [
              -77.61480734,
              38.64649306
            ],
            [
              -77.63645047,
              38.68672343
            ],
            [
              -77.65356004,
              38.72827643
            ],
            [
              -77.66599872,
              38.77083783
            ],
            [
              -77.67366392,
              38.81408522
            ],
            [
              -77.67648879,
              38.85769041
            ],
            [
              -77.67444299,
              38.90132193
            ],
            [
              -77.6675332,
              38.94464747
            ],
            [
              -77.65580331,
              38.98733648
            ],
            [
              -77.63933439,
              39.02906268
            ],
            [
              -77.6182443,
              39.06950659
            ],
            [
              -77.59268705,
              39.10835798
            ],
            [
              -77.56285178,
              39.14531839
            ],
            [
              -77.52896159,
              39.18010338
            ],
            [
              -77.49127187,
              39.21244488
            ],
            [
              -77.4500685,
              39.24209327
            ],
            [
              -77.4056657,
              39.26881944
            ],
            [
              -77.35840361,
              39.29241659
            ],
            [
              -77.30864566,
              39.31270194
            ],
            [
              -77.25677567,
              39.32951821
            ],
            [
              -77.20319478,
              39.34273493
            ],
            [
              -77.14831823,
              39.35224948
            ],
            [
              -77.09257191,
              39.35798795
            ],
            [
              -77.03638889,
              39.35990574
            ]
          ]
        ]
      },
      "properties": {
        "description": "WASHINGTON, DC., USA",
        "notam": "4_9383",
        "dateIssued": "2024-09-03T21:12:00",
        "dateEffective": null,
        "dateExpire": "PERM",
        "upperVal": 17999,
        "lowerVal": 0,
        "facility": "ZDC",
        "type": "SECURITY"
      }
    },
    {
      "type": "Feature",
      "geometry": {
        "type": "Polygon",
        "coordinates": [
          [
            [
              -76.78666176,
              38.95383304
            ],
            [
              -76.79583424,
              38.96767404
            ],
            [
              -76.80888889,
              38.98361111
            ],
            [
              -76.84388889,
              39.03833333
            ],
            [
              -77.07555556,
              39.10777778
            ],
            [
              -77.08086986,
              39.10726055
            ],
            [
              -77.10841878,
              39.10328335
            ],
            [
              -77.13541386,
              39.09744422
            ],
            [
              -77.16164771,
              39.08978808
            ],
            [
              -77.18691899,
              39.08037374
            ],
            [
              -77.21103395,
              39.06927355
            ],
            [
              -77.23380799,
              39.05657273
            ],
            [
              -77.25506707,
              39.04236877
            ],
            [
              -77.27464904,
              39.02677063
            ],
            [
              -77.29240494,
              39.00989789
            ],
            [
              -77.30833333,
              38.99194444
            ],
            [
              -77.31333333,
              38.84777778
            ],
            [
              -77.31263521,
              38.84016947
            ],
            [
              -77.30940075,
              38.82141935
            ],
            [
              -77.30409185,
              38.80296082
            ],
            [
              -77.29675041,
              38.78493409
            ],
            [
              -77.28743368,
              38.76747598
            ],
            [
              -77.27621371,
              38.75071889
            ],
            [
              -77.26317684,
              38.73478983
            ],
            [
              -77.24842298,
              38.71980944
            ],
            [
              -77.23206482,
              38.70589111
            ],
            [
              -77.21422699,
              38.69314013
            ],
            [
              -77.19504509,
              38.6816529
            ],
            [
              -77.17466467,
              38.67151623
            ],
            [
              -77.15324012,
              38.66280668
            ],
            [
              -77.13093354,
              38.65559002
            ],
            [
              -77.10791352,
              38.64992071
            ],
            [
              -77.08435389,
              38.64584155
            ],
            [
              -77.06043247,
              38.64338331
            ],
            [
              -77.03632971,
              38.64256452
            ],
            [
              -77.01222739,
              38.64339137
            ],
            [
              -76.9883073,
              38.64585763
            ],
            [
              -76.96474989,
              38.64994467
            ],
            [
              -76.94173295,
              38.65562168
            ],
            [
              -76.91943029,
              38.6628458
            ],
            [
              -76.89801047,
              38.67156252
            ],
            [
              -76.87763556,
              38.68170601
            ],
            [
              -76.8584599,
              38.69319966
            ],
            [
              -76.84062901,
              38.70595661
            ],
            [
              -76.82427843,
              38.71988041
            ],
            [
              -76.80953272,
              38.73486574
            ],
            [
              -76.79650453,
              38.75079916
            ],
            [
              -76.78529369,
              38.76756
            ],
            [
              -76.77598648,
              38.78502123
            ],
            [
              -76.76865489,
              38.80305042
            ],
            [
              -76.76335607,
              38.82151072
            ],
            [
              -76.76013186,
              38.84026192
            ],
            [
              -76.7590084,
              38.85916149
            ],
            [
              -76.75999591,
              38.87806564
            ],
            [
              -76.76308853,
              38.89683046
            ],
            [
              -76.76826436,
              38.91531298
            ],
            [
              -76.77203314,
              38.92473824
            ],
            [
              -76.7725,
              38.92470634
            ],
            [
              -76.77620854,
              38.92495973
            ],
            [
              -76.77980447,
              38.92571219
            ],
            [
              -76.78317861,
              38.92694089
            ],
            [
              -76.78622848,
              38.92860851
            ],
            [
              -76.78886143,
              38.93066441
            ],
            [
              -76.79099747,
              38.93304616
            ],
            [
              -76.79257168,
              38.9356814
            ],
            [
              -76.79353616,
              38.9384901
            ],
            [
              -76.79386155,
              38.94138693
            ],
            [
              -76.79353788,
              38.94428388
            ],
            [
              -76.7925749,
              38.94709292
            ],
            [
              -76.79100181,
              38.94972868
            ],
            [
              -76.78886636,
              38.95211105
            ],
            [
              -76.78666176,
              38.95383304
            ]
          ]
        ]
      },
      "properties": {
        "description": "WASHINGTON, DC., USA",
        "notam": "4_9383",
        "dateIssued": "2024-09-03T21:12:00",
        "dateEffective": null,
        "dateExpire": "PERM",
        "upperVal": 17999,
        "lowerVal": 0,
        "facility": "ZDC",
        "type": "SECURITY"
      }
    },
    {
      "type": "Feature",
      "geometry": {
        "type": "Polygon",
        "coordinates": [
          [
            [
              -96.80972222,
              32.905866
            ],
            [
              -96.80628462,
              32.90561226
            ],
            [
              -96.80295153,
              32.90485873
            ],
            [
              -96.79982427,
              32.90362832
            ],
            [
              -96.79699789,
              32.90195846
            ],
            [
              -96.79455831,
              32.89989988
            ],
            [
              -96.79257964,
              32.89751517
            ],
            [
              -96.79112198,
              32.8948768
            ],
            [
              -96.79022959,
              32.89206496
            ],
            [
              -96.78992953,
              32.8891651
            ],
            [
              -96.79023086,
              32.88626534
            ],
            [
              -96.79112437,
              32.88345377
            ],
            [
              -96.79258285,
              32.88081581
            ],
            [
              -96.79456197,
              32.8784316
            ],
            [
              -96.79700155,
              32.87637356
            ],
            [
              -96.79982748,
              32.8747042
            ],
            [
              -96.80295391,
              32.87347421
            ],
            [
              -96.80628589,
              32.87272095
            ],
            [
              -96.80972222,
              32.87246729
            ],
            [
              -96.81315855,
              32.87272095
            ],
            [
              -96.81649053,
              32.87347421
            ],
            [
              -96.81961696,
              32.8747042
            ],
            [
              -96.82244289,
              32.87637356
            ],
            [
              -96.82488247,
              32.8784316
            ],
            [
              -96.82686159,
              32.88081581
            ],
            [
              -96.82832007,
              32.88345377
            ],
            [
              -96.82921358,
              32.88626534
            ],
            [
              -96.82951491,
              32.8891651
            ],
            [
              -96.82921485,
              32.89206496
            ],
            [
              -96.82832246,
              32.8948768
            ],
            [
              -96.8268648,
              32.89751517
            ],
            [
              -96.82488613,
              32.89989988
            ],
            [
              -96.82244655,
              32.90195846
            ],
            [
              -96.81962017,
              32.90362832
            ],
            [
              -96.81649291,
              32.90485873
            ],
            [
              -96.81315982,
              32.90561226
            ],
            [
              -96.80972222,
              32.905866
            ]
          ]
        ]
      },
      "properties": {
        "description": "DALLAS, TX",
        "notam": "9_2934",
        "dateIssued": "2015-10-08T05:55:00",
        "dateEffective": null,
        "dateExpire": "PERM",
        "upperVal": 1500,
        "lowerVal": 0,
        "facility": "ZFW",
        "type": "VIP"
      }
    },
    {
      "type": "Feature",
      "geometry": {
        "type": "Polygon",
        "coordinates": [
          [
            [
              -117.92138889,
              33.85147938
            ],
            [
              -117.91096393,
              33.85071796
            ],
            [
              -117.90085627,
              33.84845686
            ],
            [
              -117.8913735,
              33.8447649
            ],
            [
              -117.88280409,
              33.83975443
            ],
            [
              -117.87540863,
              33.83357792
            ],
            [
              -117.8694118,
              33.82642324
            ],
            [
              -117.86499564,
              33.818508
            ],
            [
              -117.86229397,
              33.81007289
            ],
            [
              -117.86138841,
              33.8013743
            ],
            [
              -117.86230592,
              33.79267658
            ],
            [
              -117.86501811,
              33.78424396
            ],
            [
              -117.86944208,
              33.77633256
            ],
            [
              -117.87544305,
              33.76918257
            ],
            [
              -117.88283852,
              33.76301105
            ],
            [
              -117.89140377,
              33.75800528
            ],
            [
              -117.90087874,
              33.75431715
            ],
            [
              -117.91097589,
              33.75205855
            ],
            [
              -117.92138889,
              33.75129799
            ],
            [
              -117.93180189,
              33.75205855
            ],
            [
              -117.94189904,
              33.75431715
            ],
            [
              -117.95137401,
              33.75800528
            ],
            [
              -117.95993926,
              33.76301105
            ],
            [
              -117.96733473,
              33.76918257
            ],
            [
              -117.9733357,
              33.77633256
            ],
            [
              -117.97775967,
              33.78424396
            ],
            [
              -117.98047186,
              33.79267658
            ],
            [
              -117.98138937,
              33.8013743
            ],
            [
              -117.98048381,
              33.81007289
            ],
            [
              -117.97778214,
              33.818508
            ],
            [
              -117.97336598,
              33.82642324
            ],
            [
              -117.96736915,
              33.83357792
            ],
            [
              -117.95997369,
              33.83975443
            ],
            [
              -117.95140428,
              33.8447649
            ],
            [
              -117.94192151,
              33.84845686
            ],
            [
              -117.93181385,
              33.85071796
            ],
            [
              -117.92138889,
              33.85147938
            ]
          ]
        ]
      },
      "properties": {
        "description": "260730_094144 - DISNEYLAND THEME PARK, ANAHEIM, CA",
        "notam": "4_3635",
        "dateIssued": "2015-10-08T00:55:00",
        "dateEffective": null,
        "dateExpire": "PERM",
        "upperVal": 3000,
        "lowerVal": 0,
        "facility": "ZLA",
        "type": "SECURITY"
      }
    },
    {
      "type": "Feature",
      "geometry": {
        "type": "Polygon",
        "coordinates": [
          [
            [
              -81.57222222,
              28.46263239
            ],
            [
              -81.56237133,
              28.46187042
            ],
            [
              -81.55282017,
              28.45960767
            ],
            [
              -81.5438593,
              28.455913
            ],
            [
              -81.53576127,
              28.45089879
            ],
            [
              -81.52877228,
              28.44471759
            ],
            [
              -81.52310468,
              28.43755739
            ],
            [
              -81.51893054,
              28.4296359
            ],
            [
              -81.5163764,
              28.42119398
            ],
            [
              -81.51551953,
              28.4124882
            ],
            [
              -81.51638553,
              28.40378312
            ],
            [
              -81.5189477,
              28.39534321
            ],
            [
              -81.5231278,
              28.38742482
            ],
            [
              -81.52879858,
              28.3802684
            ],
            [
              -81.53578757,
              28.37409123
            ],
            [
              -81.54388242,
              28.36908083
            ],
            [
              -81.55283733,
              28.36538924
            ],
            [
              -81.56238046,
              28.36312851
            ],
            [
              -81.57222222,
              28.36236724
            ],
            [
              -81.58206398,
              28.36312851
            ],
            [
              -81.59160711,
              28.36538924
            ],
            [
              -81.60056202,
              28.36908083
            ],
            [
              -81.60865687,
              28.37409123
            ],
            [
              -81.61564586,
              28.3802684
            ],
            [
              -81.62131664,
              28.38742482
            ],
            [
              -81.62549674,
              28.39534321
            ],
            [
              -81.62805891,
              28.40378312
            ],
            [
              -81.62892491,
              28.4124882
            ],
            [
              -81.62806804,
              28.42119398
            ],
            [
              -81.6255139,
              28.4296359
            ],
            [
              -81.62133976,
              28.43755739
            ],
            [
              -81.61567216,
              28.44471759
            ],
            [
              -81.60868317,
              28.45089879
            ],
            [
              -81.60058514,
              28.455913
            ],
            [
              -81.59162427,
              28.45960767
            ],
            [
              -81.58207311,
              28.46187042
            ],
            [
              -81.57222222,
              28.46263239
            ]
          ]
        ]
      },
      "properties": {
        "description": "DISNEY WORLD THEME PARK, ORLANDO, FL",
        "notam": "4_3634",
        "dateIssued": "2015-10-08T00:55:00",
        "dateEffective": null,
        "dateExpire": "PERM",
        "upperVal": 3000,
        "lowerVal": 0,
        "facility": "ZJX",
        "type": "SECURITY"
      }
    }
  ]
}
